"OriginalPath","DestinationPath","Bytes","SHA256","Status"
"14-主流开源模型全景解析与技术报告精读/14.1-DeepSeek/01-DeepSeek-Coder/images/chart_04_fim_ablation_curve_a.jpg","_sources/model-reports/deepseek/deepseek-coder/images/chart_04_fim_ablation_curve_a.jpg","19965","1211caaa93b313e95d3a1261d74dd3d73d174afb021685db4cb5d73274b9824a","verified"
"14-主流开源模型全景解析与技术报告精读/14.1-DeepSeek/01-DeepSeek-Coder/images/chart_05_fim_ablation_curve_b.jpg","_sources/model-reports/deepseek/deepseek-coder/images/chart_05_fim_ablation_curve_b.jpg","18440","f6779d9ea84b04c82dfbda11f3da37c15b5875251fe2322658f92a52e5e8c134","verified"
"14-主流开源模型全景解析与技术报告精读/14.1-DeepSeek/01-DeepSeek-Coder/images/chart_06_fim_ablation_curve_c.jpg","_sources/model-reports/deepseek/deepseek-coder/images/chart_06_fim_ablation_curve_c.jpg","20593","5f7e27bbdcb6bdc78133c94568e38339a73f5aa35ccac71b8385dfb68bea4e4b","verified"
"14-主流开源模型全景解析与技术报告精读/14.1-DeepSeek/01-DeepSeek-Coder/images/chart_12_leetcode_runtime_distribution.jpg","_sources/model-reports/deepseek/deepseek-coder/images/chart_12_leetcode_runtime_distribution.jpg","5676","74f024138a758e65444ca16d9b3883147128e597d3b86ab105800938ef7a8634","verified"
"14-主流开源模型全景解析与技术报告精读/14.1-DeepSeek/01-DeepSeek-Coder/images/chart_13_training_curve_1.jpg","_sources/model-reports/deepseek/deepseek-coder/images/chart_13_training_curve_1.jpg","32991","63d093bdc856b0cd9aa00e9aaba3bc3fe4b5a2a470dcafd0228551eb3a879bf4","verified"
"14-主流开源模型全景解析与技术报告精读/14.1-DeepSeek/01-DeepSeek-Coder/images/chart_14_training_curve_2.jpg","_sources/model-reports/deepseek/deepseek-coder/images/chart_14_training_curve_2.jpg","32814","d9d379d1204a83cbccc9c7c096096cfe08278c884e4238742d8be3beb53e79fa","verified"
"14-主流开源模型全景解析与技术报告精读/14.1-DeepSeek/01-DeepSeek-Coder/images/chart_15_training_curve_3.jpg","_sources/model-reports/deepseek/deepseek-coder/images/chart_15_training_curve_3.jpg","34124","3f2f181103cb50a95721d204aced755ed81dc0883fa34df955ef7d7cbb0259df","verified"
"14-主流开源模型全景解析与技术报告精读/14.1-DeepSeek/01-DeepSeek-Coder/images/chart_16_training_curve_4.jpg","_sources/model-reports/deepseek/deepseek-coder/images/chart_16_training_curve_4.jpg","32117","7f1dae698cddfe5b9af066ac418c54d96f2aecae8965a1c7a2e1c86c28aefb48","verified"
"14-主流开源模型全景解析与技术报告精读/14.1-DeepSeek/01-DeepSeek-Coder/images/chart_17_training_curve_5.jpg","_sources/model-reports/deepseek/deepseek-coder/images/chart_17_training_curve_5.jpg","28130","179325ca71a8610bfb2197db18c8df6c61605aeb370d57f6702ebd25c028cadd","verified"
"14-主流开源模型全景解析与技术报告精读/14.1-DeepSeek/01-DeepSeek-Coder/images/chart_18_training_curve_6.jpg","_sources/model-reports/deepseek/deepseek-coder/images/chart_18_training_curve_6.jpg","30042","fafaf572d1fef7386f996cb0cb3296a08c66fdfe4a43dcac0b3ffb2db6402c93","verified"
"14-主流开源模型全景解析与技术报告精读/14.1-DeepSeek/01-DeepSeek-Coder/images/chart_19_training_curve_7.jpg","_sources/model-reports/deepseek/deepseek-coder/images/chart_19_training_curve_7.jpg","28596","3173df352a80356628f1965294fc542e1d7e13a035f0c7fe5f60787a78514ac2","verified"
"14-主流开源模型全景解析与技术报告精读/14.1-DeepSeek/01-DeepSeek-Coder/images/chart_20_training_curve_8.jpg","_sources/model-reports/deepseek/deepseek-coder/images/chart_20_training_curve_8.jpg","27929","9fa3a7f2b6cdb8fe773d46df245b0712a46204fac77a1d85b94e2648db94227e","verified"
"14-主流开源模型全景解析与技术报告精读/14.1-DeepSeek/01-DeepSeek-Coder/images/curve.pdf","_sources/model-reports/deepseek/deepseek-coder/images/curve.pdf","70004","e300dbb0482be96ae254a007bb45fb9a3b5106a363e58e3e63f8fd25af98f89d","verified"
"14-主流开源模型全景解析与技术报告精读/14.1-DeepSeek/01-DeepSeek-Coder/images/data_clean_pipeline.pdf","_sources/model-reports/deepseek/deepseek-coder/images/data_clean_pipeline.pdf","271504","4a8ad06308eaacef250bcab9f92e33c418b8653382a81cb366e566a5973319a8","verified"
"14-主流开源模型全景解析与技术报告精读/14.1-DeepSeek/01-DeepSeek-Coder/images/example.png","_sources/model-reports/deepseek/deepseek-coder/images/example.png","326992","c9e815070d928c0c4be40e8c0c6d6e4543b2b369d39ef921b2f9183ef6c7cdca","verified"
"14-主流开源模型全景解析与技术报告精读/14.1-DeepSeek/01-DeepSeek-Coder/images/fig01_language_radar.jpg","_sources/model-reports/deepseek/deepseek-coder/images/fig01_language_radar.jpg","39183","79a57c5c166015f3183ea8d2fc81410f974a9dad298bcace63ce0d41c400fc45","verified"
"14-主流开源模型全景解析与技术报告精读/14.1-DeepSeek/01-DeepSeek-Coder/images/fig01_leetcode_contest.jpg","_sources/model-reports/deepseek/deepseek-coder/images/fig01_leetcode_contest.jpg","41279","78af8b1b62e76312e3391b5166c7254333a8e68798aa6d4700c801f9a5d0161c","verified"
"14-主流开源模型全景解析与技术报告精读/14.1-DeepSeek/01-DeepSeek-Coder/images/fig02_dataset_creation.jpg","_sources/model-reports/deepseek/deepseek-coder/images/fig02_dataset_creation.jpg","18556","e3c8559754003e1ae863d1fa96006a95700da653768f8593aabd6c82d755df39","verified"
"14-主流开源模型全景解析与技术报告精读/14.1-DeepSeek/01-DeepSeek-Coder/images/fig03_humaneval_pass1.jpg","_sources/model-reports/deepseek/deepseek-coder/images/fig03_humaneval_pass1.jpg","19514","164fafbc3f2ad7b959cbfa44f8d3784bddb5ae1ad691ed9d1f483bee493d8277","verified"
"14-主流开源模型全景解析与技术报告精读/14.1-DeepSeek/01-DeepSeek-Coder/images/fig03_humanfim_pass1.jpg","_sources/model-reports/deepseek/deepseek-coder/images/fig03_humanfim_pass1.jpg","17752","864f910a9033bfa8cecc2f673f7976a8adb17b45b03eb634934da6218d37afa5","verified"
"14-主流开源模型全景解析与技术报告精读/14.1-DeepSeek/01-DeepSeek-Coder/images/fig03_mbpp_pass1.jpg","_sources/model-reports/deepseek/deepseek-coder/images/fig03_mbpp_pass1.jpg","20573","49bbbcbc786c0470d0a136b07e0997b8ab75736fce8ab2070a3e22ee254dbe67","verified"
"14-主流开源模型全景解析与技术报告精读/14.1-DeepSeek/01-DeepSeek-Coder/images/fig04_snake_game_avatar1.jpg","_sources/model-reports/deepseek/deepseek-coder/images/fig04_snake_game_avatar1.jpg","1191","294840eb65fedd980ec8f76299713e5e392bce2498f6b05df002ce3b6bb574a5","verified"
"14-主流开源模型全景解析与技术报告精读/14.1-DeepSeek/01-DeepSeek-Coder/images/fig04_snake_game_avatar2.jpg","_sources/model-reports/deepseek/deepseek-coder/images/fig04_snake_game_avatar2.jpg","1156","350a953a8c7bb26fbcd9e3ea5835c9bfc437e097829e5ac4c80b7c05f8bacde7","verified"
"14-主流开源模型全景解析与技术报告精读/14.1-DeepSeek/01-DeepSeek-Coder/images/fig04_snake_game_multiturn.jpg","_sources/model-reports/deepseek/deepseek-coder/images/fig04_snake_game_multiturn.jpg","141654","3ce017e393ad7a12d9c5033f7d35d9cc0dcf31febc9bc94dbb89f25ec2a165c0","verified"
"14-主流开源模型全景解析与技术报告精读/14.1-DeepSeek/01-DeepSeek-Coder/images/fig05_database_analysis.jpg","_sources/model-reports/deepseek/deepseek-coder/images/fig05_database_analysis.jpg","141382","d6a57145b0043d4079e90fbe4a18ede10f446c68dda2afbfb1ca3971b5167b70","verified"
"14-主流开源模型全景解析与技术报告精读/14.1-DeepSeek/01-DeepSeek-Coder/images/fig06_leetcode_example.jpg","_sources/model-reports/deepseek/deepseek-coder/images/fig06_leetcode_example.jpg","95800","406a91623e188e57a71b1d3f497d6717f48de889f9a19b5badeaca6ab9941807","verified"
"14-主流开源模型全景解析与技术报告精读/14.1-DeepSeek/01-DeepSeek-Coder/images/fig07_training_benchmark.jpg","_sources/model-reports/deepseek/deepseek-coder/images/fig07_training_benchmark.jpg","255083","418626734867c4f7c9c7d082550871afa2aca5e7f65592965b2a1ecf4e74fb94","verified"
"14-主流开源模型全景解析与技术报告精读/14.1-DeepSeek/01-DeepSeek-Coder/images/figure_01_language_radar.jpg","_sources/model-reports/deepseek/deepseek-coder/images/figure_01_language_radar.jpg","39036","1555c9121af3ed1aade1d11552f876c24aa0389a46d87f636bd1490431388ef2","verified"
"14-主流开源模型全景解析与技术报告精读/14.1-DeepSeek/01-DeepSeek-Coder/images/figure_02_leetcode_contest_bar.jpg","_sources/model-reports/deepseek/deepseek-coder/images/figure_02_leetcode_contest_bar.jpg","40683","dd75ab39484b8eb76b785a0576fb6e6cb4fc4a94b6615aa9b854595858144f87","verified"
"14-主流开源模型全景解析与技术报告精读/14.1-DeepSeek/01-DeepSeek-Coder/images/figure_03_dataset_creation_pipeline.jpg","_sources/model-reports/deepseek/deepseek-coder/images/figure_03_dataset_creation_pipeline.jpg","19980","2cbc21896b1fd8c66e1a7bf0e0c68473b985ed6e3e231ca69d63dc9617516d51","verified"
"14-主流开源模型全景解析与技术报告精读/14.1-DeepSeek/01-DeepSeek-Coder/images/figure_07_multiturn_snake_game.jpg","_sources/model-reports/deepseek/deepseek-coder/images/figure_07_multiturn_snake_game.jpg","142751","58c442ea9f3daa59103d27216d2003fdc4bc44cb0382d499e0e63d3f54d9ebaf","verified"
"14-主流开源模型全景解析与技术报告精读/14.1-DeepSeek/01-DeepSeek-Coder/images/figure_08_database_analysis_case.jpg","_sources/model-reports/deepseek/deepseek-coder/images/figure_08_database_analysis_case.jpg","139599","75fcab50409cadb641b65c1a1032ea05879fc797df07ee798fd1532c37770f64","verified"
"14-主流开源模型全景解析与技术报告精读/14.1-DeepSeek/01-DeepSeek-Coder/images/figure_09_leetcode_case_header.jpg","_sources/model-reports/deepseek/deepseek-coder/images/figure_09_leetcode_case_header.jpg","1044","c5ff5abb029b447aaacb0e1b5f321c48ff63eef9ebafbd81fa01db2cf37fb887","verified"
"14-主流开源模型全景解析与技术报告精读/14.1-DeepSeek/01-DeepSeek-Coder/images/figure_10_leetcode_case_problem.jpg","_sources/model-reports/deepseek/deepseek-coder/images/figure_10_leetcode_case_problem.jpg","896","73abab8de9e446b622822d29fef8a13b16b5445db25a0a074d05c7027d9129d6","verified"
"14-主流开源模型全景解析与技术报告精读/14.1-DeepSeek/01-DeepSeek-Coder/images/figure_11_leetcode_case_solution.jpg","_sources/model-reports/deepseek/deepseek-coder/images/figure_11_leetcode_case_solution.jpg","1797","bec9090f19a9192e042f4aac22c71d0336cd61e3519a6ff40478f4a197a9c1a9","verified"
"14-主流开源模型全景解析与技术报告精读/14.1-DeepSeek/01-DeepSeek-Coder/images/figure_21_unknown_asset_01.jpg","_sources/model-reports/deepseek/deepseek-coder/images/figure_21_unknown_asset_01.jpg","38611","05f3ccd053c938e28e25a66dd81df6bfa96334ea6e9719907ea5409e383b28a3","verified"
"14-主流开源模型全景解析与技术报告精读/14.1-DeepSeek/01-DeepSeek-Coder/images/figure_22_unknown_asset_02.jpg","_sources/model-reports/deepseek/deepseek-coder/images/figure_22_unknown_asset_02.jpg","10791","1cee89ebc4638ad1519677bbbc3ba562f3eb7eec7b6d40a13ffdf6bc8399d550","verified"
"14-主流开源模型全景解析与技术报告精读/14.1-DeepSeek/01-DeepSeek-Coder/images/figure_23_unknown_asset_03.jpg","_sources/model-reports/deepseek/deepseek-coder/images/figure_23_unknown_asset_03.jpg","69109","70993c7256cd33aa480070401bd614865580c53f0e79d9f2ad68094095cee2f8","verified"
"14-主流开源模型全景解析与技术报告精读/14.1-DeepSeek/01-DeepSeek-Coder/images/figure_24_unknown_asset_04.jpg","_sources/model-reports/deepseek/deepseek-coder/images/figure_24_unknown_asset_04.jpg","62995","bdcb869001765ec0b1f11f611e12efe4e7e38556a36d08f3fcb9fa72b33edf9a","verified"
"14-主流开源模型全景解析与技术报告精读/14.1-DeepSeek/01-DeepSeek-Coder/images/figure_25_unknown_asset_05.jpg","_sources/model-reports/deepseek/deepseek-coder/images/figure_25_unknown_asset_05.jpg","89322","e6969483b8c717ec0d1f2c5afc00c29290125551ab0fa8a5ed039cdc2ba1ebe5","verified"
"14-主流开源模型全景解析与技术报告精读/14.1-DeepSeek/01-DeepSeek-Coder/images/figure_26_unknown_asset_06.jpg","_sources/model-reports/deepseek/deepseek-coder/images/figure_26_unknown_asset_06.jpg","102422","9a959240fb4325ed5cc2b2f06392377373ffef1134d452905fd6f9ed6ac1da0b","verified"
"14-主流开源模型全景解析与技术报告精读/14.1-DeepSeek/01-DeepSeek-Coder/images/figure_27_unknown_asset_07.jpg","_sources/model-reports/deepseek/deepseek-coder/images/figure_27_unknown_asset_07.jpg","63898","67a4de55fd5c4d40c6a3b696194cf25ae84de29985b449138db33413a63b8bc3","verified"
"14-主流开源模型全景解析与技术报告精读/14.1-DeepSeek/01-DeepSeek-Coder/images/figure_28_unknown_asset_08.jpg","_sources/model-reports/deepseek/deepseek-coder/images/figure_28_unknown_asset_08.jpg","121804","48dfad4190d715263d82392adaf34a2b916a390f5dd5a3a7be7d799240b91c80","verified"
"14-主流开源模型全景解析与技术报告精读/14.1-DeepSeek/01-DeepSeek-Coder/images/figure_29_unknown_asset_09.jpg","_sources/model-reports/deepseek/deepseek-coder/images/figure_29_unknown_asset_09.jpg","99876","178c08ce7b15d212424569a9cee863b5fd324f62a356319c0abee4e00e0bb52c","verified"
"14-主流开源模型全景解析与技术报告精读/14.1-DeepSeek/01-DeepSeek-Coder/images/figure_30_unknown_asset_10.jpg","_sources/model-reports/deepseek/deepseek-coder/images/figure_30_unknown_asset_10.jpg","167336","255ddf8e84dce4e5e36dda33b93568b937fd82103212c57e2be680ea11b9597c","verified"
"14-主流开源模型全景解析与技术报告精读/14.1-DeepSeek/01-DeepSeek-Coder/images/figure_31_unknown_asset_11.jpg","_sources/model-reports/deepseek/deepseek-coder/images/figure_31_unknown_asset_11.jpg","271041","fa29a3d87844aa2a89736ea79a7e5ff9e64215fa68540cbd7d85a5381d5f8085","verified"
"14-主流开源模型全景解析与技术报告精读/14.1-DeepSeek/01-DeepSeek-Coder/images/fim.pdf","_sources/model-reports/deepseek/deepseek-coder/images/fim.pdf","18234","248ddc63657002d26fd3f602a1d4cc789ceb47b24dfcef1cfd5f1ff83f592160","verified"
"14-主流开源模型全景解析与技术报告精读/14.1-DeepSeek/01-DeepSeek-Coder/images/PLT.png","_sources/model-reports/deepseek/deepseek-coder/images/PLT.png","700199","2b58d66dc6c76945089c23988a5c38219490f79739bcbb9beae149e7dcb3ac7b","verified"
"14-主流开源模型全景解析与技术报告精读/14.1-DeepSeek/01-DeepSeek-Coder/images/unused_01.jpg","_sources/model-reports/deepseek/deepseek-coder/images/unused_01.jpg","11044","1edc05f02aa9723c8d7135056190e9df46bb2467200da6c4f9bb766772d0888b","verified"
"14-主流开源模型全景解析与技术报告精读/14.1-DeepSeek/01-DeepSeek-Coder/images/unused_02.jpg","_sources/model-reports/deepseek/deepseek-coder/images/unused_02.jpg","170362","8cdfd8a21344f3241803948ea77a5e654383b7f6562046feadda6ecadff6caf5","verified"
"14-主流开源模型全景解析与技术报告精读/14.1-DeepSeek/01-DeepSeek-Coder/images/unused_03.jpg","_sources/model-reports/deepseek/deepseek-coder/images/unused_03.jpg","63933","2bbfbb4548d13eac15649aebb2a1769145b9922cf497c8968a4ee9a5506fa50a","verified"
"14-主流开源模型全景解析与技术报告精读/14.1-DeepSeek/01-DeepSeek-Coder/images/unused_04.jpg","_sources/model-reports/deepseek/deepseek-coder/images/unused_04.jpg","99195","faa7cb4166fafe2562980ef960e1c8bda5807df7db8df273345c6a1e9def0b23","verified"
"14-主流开源模型全景解析与技术报告精读/14.1-DeepSeek/01-DeepSeek-Coder/images/unused_05.jpg","_sources/model-reports/deepseek/deepseek-coder/images/unused_05.jpg","268889","4765566d91538342c47bf24d070c1a0d3b224160d8f660755e15d635be42507a","verified"
"14-主流开源模型全景解析与技术报告精读/14.1-DeepSeek/01-DeepSeek-Coder/images/unused_06.jpg","_sources/model-reports/deepseek/deepseek-coder/images/unused_06.jpg","65603","ddf2d5b8f989d3a95ba8a103f1272c4839d1bf2ee55294f2a1058cdba55c1fcd","verified"
"14-主流开源模型全景解析与技术报告精读/14.1-DeepSeek/01-DeepSeek-Coder/images/unused_07.jpg","_sources/model-reports/deepseek/deepseek-coder/images/unused_07.jpg","37288","b0fa2861f256922053eb6e42c328a05fab89976abd362a78d2db20f968df7697","verified"
"14-主流开源模型全景解析与技术报告精读/14.1-DeepSeek/01-DeepSeek-Coder/images/unused_08.jpg","_sources/model-reports/deepseek/deepseek-coder/images/unused_08.jpg","83542","6543ae3b82014a1c8b2472503a25adc3aff98592e447440718580352d480491e","verified"
"14-主流开源模型全景解析与技术报告精读/14.1-DeepSeek/01-DeepSeek-Coder/images/unused_09.jpg","_sources/model-reports/deepseek/deepseek-coder/images/unused_09.jpg","62714","49e47524f94ffe5ee80999ff12dc95399c57b0bf5c9fae0fce45d6ad6dcd1ab3","verified"
"14-主流开源模型全景解析与技术报告精读/14.1-DeepSeek/01-DeepSeek-Coder/images/unused_10.jpg","_sources/model-reports/deepseek/deepseek-coder/images/unused_10.jpg","98605","a15fcd462e8db11019269315b6b82570cf7c52b955f75539774c0840fbaa0c1f","verified"
"14-主流开源模型全景解析与技术报告精读/14.1-DeepSeek/01-DeepSeek-Coder/images/unused_11.jpg","_sources/model-reports/deepseek/deepseek-coder/images/unused_11.jpg","116006","76f7a8855288963cb0b1452c5430f8a02a8ac1ea5bdedd5fdd1aa42f3f9a2ebe","verified"
"14-主流开源模型全景解析与技术报告精读/14.1-DeepSeek/01-DeepSeek-Coder/pdfs/DeepSeek-Coder.pdf","_sources/model-reports/deepseek/deepseek-coder/pdfs/DeepSeek-Coder.pdf","1911399","f29f711cb4fc6f7776dd150e16370604d9a4068227b6545d08a44caad7ae6cbe","verified"
"14-主流开源模型全景解析与技术报告精读/14.1-DeepSeek/02-DeepSeek-Math/image/1779203060475.png","_sources/model-reports/deepseek/deepseek-math/image/1779203060475.png","105773","e948d24f7d29ccfa5d8d54aa6ce3db7d152f135777b15fe8518d5043534ab2e0","verified"
"14-主流开源模型全景解析与技术报告精读/14.1-DeepSeek/02-DeepSeek-Math/images/chart_03_corpus_curve_1.jpg","_sources/model-reports/deepseek/deepseek-math/images/chart_03_corpus_curve_1.jpg","30129","167b54f02b12139e05e948c5f0cad3ff37c76ccfffc0ee8e58b633921bbedbad","verified"
"14-主流开源模型全景解析与技术报告精读/14.1-DeepSeek/02-DeepSeek-Math/images/chart_04_corpus_curve_2.jpg","_sources/model-reports/deepseek/deepseek-math/images/chart_04_corpus_curve_2.jpg","26782","f17c0e543cd21ec5698cc57c4d2b3f581be7071fe81ee90351794cd6bd47072e","verified"
"14-主流开源模型全景解析与技术报告精读/14.1-DeepSeek/02-DeepSeek-Math/images/chart_05_corpus_curve_3.jpg","_sources/model-reports/deepseek/deepseek-math/images/chart_05_corpus_curve_3.jpg","30368","7d7789f51bb2b5cd935635e80cda7ab60caf8c6d037b994c5a0862a486e29f1c","verified"
"14-主流开源模型全景解析与技术报告精读/14.1-DeepSeek/02-DeepSeek-Math/images/chart_06_corpus_curve_4.jpg","_sources/model-reports/deepseek/deepseek-math/images/chart_06_corpus_curve_4.jpg","33193","ed1e31cd4cda13acbb4347d240bfd35c24b6fc9c870601b219468659ae0ba3be","verified"
"14-主流开源模型全景解析与技术报告精读/14.1-DeepSeek/02-DeepSeek-Math/images/chart_11_maj_pass_gsm8k.jpg","_sources/model-reports/deepseek/deepseek-math/images/chart_11_maj_pass_gsm8k.jpg","35754","29a3c2dbf46bbd0ef4aa8115247920072709a641622c40eec1b6dc0f66a8ae72","verified"
"14-主流开源模型全景解析与技术报告精读/14.1-DeepSeek/02-DeepSeek-Math/images/chart_12_maj_pass_math.jpg","_sources/model-reports/deepseek/deepseek-math/images/chart_12_maj_pass_math.jpg","35954","185f40b609654d5f9da80590475b9a43e94531ab5c9fb503b7d26f3d82b5bbd5","verified"
"14-主流开源模型全景解析与技术报告精读/14.1-DeepSeek/02-DeepSeek-Math/images/combined_figure_rl.pdf","_sources/model-reports/deepseek/deepseek-math/images/combined_figure_rl.pdf","19888","01701f37bc6042cd46527bec4dfcd60edbebc893156a270ee222f3d9b10ffd6b","verified"
"14-主流开源模型全景解析与技术报告精读/14.1-DeepSeek/02-DeepSeek-Math/images/combined_MAJ_PASS.pdf","_sources/model-reports/deepseek/deepseek-math/images/combined_MAJ_PASS.pdf","23048","a6b6cf0e426ec2d6732497356788a3de99ac78054c1f0d49e32649877cb3d162","verified"
"14-主流开源模型全景解析与技术报告精读/14.1-DeepSeek/02-DeepSeek-Math/images/corpus_comparisons.png","_sources/model-reports/deepseek/deepseek-math/images/corpus_comparisons.png","794320","cdf87059a5a7ca7366d34431c0e01227e9d4342bbeeb05dc94a83f9f8851fdd2","verified"
"14-主流开源模型全景解析与技术报告精读/14.1-DeepSeek/02-DeepSeek-Math/images/data_pipeline.pdf","_sources/model-reports/deepseek/deepseek-math/images/data_pipeline.pdf","471769","f0f160e26c49f9fa12e81cfd3db76c61035b698ceade965b06657b7948f7ec19","verified"
"14-主流开源模型全景解析与技术报告精读/14.1-DeepSeek/02-DeepSeek-Math/images/demo_figure_1.png","_sources/model-reports/deepseek/deepseek-math/images/demo_figure_1.png","861289","630fe5e5f252514415b743a90d44e5130e3c5c560bae0ebaeb429a92c2953a37","verified"
"14-主流开源模型全景解析与技术报告精读/14.1-DeepSeek/02-DeepSeek-Math/images/demo_figure_2.png","_sources/model-reports/deepseek/deepseek-math/images/demo_figure_2.png","910650","39c8ed37231bbc4c583051b08b9b0dd7570a7970742cc7cfc59587cbf2a98fdd","verified"
"14-主流开源模型全景解析与技术报告精读/14.1-DeepSeek/02-DeepSeek-Math/images/fig01_math_benchmark.jpg","_sources/model-reports/deepseek/deepseek-math/images/fig01_math_benchmark.jpg","47345","8cb6c9b53e8127c6b1030efd8c8b7d90f696ced2fbb654a2b31f10c2b29d2258","verified"
"14-主流开源模型全景解析与技术报告精读/14.1-DeepSeek/02-DeepSeek-Math/images/fig02_data_pipeline.jpg","_sources/model-reports/deepseek/deepseek-math/images/fig02_data_pipeline.jpg","69807","04d77bc8385d0998f9bd134b687053949ac1f5725fb41e02cb646c380b82b23e","verified"
"14-主流开源模型全景解析与技术报告精读/14.1-DeepSeek/02-DeepSeek-Math/images/fig03_benchmark_curves.jpg","_sources/model-reports/deepseek/deepseek-math/images/fig03_benchmark_curves.jpg","131568","f0cb7acc0bc98d2fc6148dae96845860df0bba4310c6ca5d6558066779517594","verified"
"14-主流开源模型全景解析与技术报告精读/14.1-DeepSeek/02-DeepSeek-Math/images/fig04_ppo_grpo_demo.jpg","_sources/model-reports/deepseek/deepseek-math/images/fig04_ppo_grpo_demo.jpg","66532","38a24be2b74806892a1455aa6eecab1360502f94f58a9e5ca5cf8adf4f81e4a2","verified"
"14-主流开源模型全景解析与技术报告精读/14.1-DeepSeek/02-DeepSeek-Math/images/fig05_methods_comparison.jpg","_sources/model-reports/deepseek/deepseek-math/images/fig05_methods_comparison.jpg","94128","9fe1031004a1fb91bec93efd39d1cf6af5ad4ba80429e03cf65e1e873d179b4d","verified"
"14-主流开源模型全景解析与技术报告精读/14.1-DeepSeek/02-DeepSeek-Math/images/fig06_iterative_rl.jpg","_sources/model-reports/deepseek/deepseek-math/images/fig06_iterative_rl.jpg","73508","8b69fbd2d44a6a96efb7381cdcffb6b9a12c6a099a8d078471a31c58025f5be6","verified"
"14-主流开源模型全景解析与技术报告精读/14.1-DeepSeek/02-DeepSeek-Math/images/fig07_maj_pass_at_k.jpg","_sources/model-reports/deepseek/deepseek-math/images/fig07_maj_pass_at_k.jpg","93121","dfbf80f60abebadb76021841481a3730f941e2abdb15ea33b4800b71ae7a115b","verified"
"14-主流开源模型全景解析与技术报告精读/14.1-DeepSeek/02-DeepSeek-Math/images/figure_01_math_benchmark_progress.jpg","_sources/model-reports/deepseek/deepseek-math/images/figure_01_math_benchmark_progress.jpg","48632","ea19f19eee0e78b7010519c2c7a7d740f52971b0f1aa0270ee60491630645c0e","verified"
"14-主流开源模型全景解析与技术报告精读/14.1-DeepSeek/02-DeepSeek-Math/images/figure_02_data_collection_pipeline.jpg","_sources/model-reports/deepseek/deepseek-math/images/figure_02_data_collection_pipeline.jpg","70745","0da8d4ffa15609c1e209dc7871807db0084cc58b4639f2274fd84bc6c4991976","verified"
"14-主流开源模型全景解析与技术报告精读/14.1-DeepSeek/02-DeepSeek-Math/images/figure_07_ppo_grpo_demo.jpg","_sources/model-reports/deepseek/deepseek-math/images/figure_07_ppo_grpo_demo.jpg","68194","3299be53be1852c26613e5e1be70f1568230828e63f83a31a5b0418aff52fece","verified"
"14-主流开源模型全景解析与技术报告精读/14.1-DeepSeek/02-DeepSeek-Math/images/figure_08_methods_comparison.jpg","_sources/model-reports/deepseek/deepseek-math/images/figure_08_methods_comparison.jpg","93187","1628392992754b23485715b9baa2c373bc575f76839e27814b4c6b3e6d0081f8","verified"
"14-主流开源模型全景解析与技术报告精读/14.1-DeepSeek/02-DeepSeek-Math/images/figure_09_iterative_rl.jpg","_sources/model-reports/deepseek/deepseek-math/images/figure_09_iterative_rl.jpg","73180","0e550b9953c35d0dec599309bc32c0b35476269da5c70567b37af5c5d6fc9cfd","verified"
"14-主流开源模型全景解析与技术报告精读/14.1-DeepSeek/02-DeepSeek-Math/images/figure_10_maj_pass_intro.jpg","_sources/model-reports/deepseek/deepseek-math/images/figure_10_maj_pass_intro.jpg","10609","5ba1f8f4c95a26c3f8ed0a92be485b17f6bb1ac043539e7a3a27bef81a4b492c","verified"
"14-主流开源模型全景解析与技术报告精读/14.1-DeepSeek/02-DeepSeek-Math/images/figure_13_unknown_asset_01.jpg","_sources/model-reports/deepseek/deepseek-math/images/figure_13_unknown_asset_01.jpg","42294","0ede420fb65ff50c8c6875007cfbf29cb700630209616421569cb9b88d8202c5","verified"
"14-主流开源模型全景解析与技术报告精读/14.1-DeepSeek/02-DeepSeek-Math/images/figure_14_unknown_asset_02.jpg","_sources/model-reports/deepseek/deepseek-math/images/figure_14_unknown_asset_02.jpg","11181","8dbc1321d02d537f86552dcb35662bf81d0b4ebf3eca33ac848df8818b5c4675","verified"
"14-主流开源模型全景解析与技术报告精读/14.1-DeepSeek/02-DeepSeek-Math/images/figure_15_unknown_asset_03.jpg","_sources/model-reports/deepseek/deepseek-math/images/figure_15_unknown_asset_03.jpg","60061","6be399454d8b30ef2e40c70db1f4424e124993172e62a8b78d123aead7a729a2","verified"
"14-主流开源模型全景解析与技术报告精读/14.1-DeepSeek/02-DeepSeek-Math/images/figure_16_unknown_asset_04.jpg","_sources/model-reports/deepseek/deepseek-math/images/figure_16_unknown_asset_04.jpg","109885","b215612a110e98c03d396b7d6cd91f2e64340ebd71a8159e8dbf70e6bf4ba857","verified"
"14-主流开源模型全景解析与技术报告精读/14.1-DeepSeek/02-DeepSeek-Math/images/figure_17_unknown_asset_05.jpg","_sources/model-reports/deepseek/deepseek-math/images/figure_17_unknown_asset_05.jpg","10615","58ab636e5406ae52a66066faefd31f2007a7bf976ce3d4b82b2333e265a24640","verified"
"14-主流开源模型全景解析与技术报告精读/14.1-DeepSeek/02-DeepSeek-Math/images/figure_18_unknown_asset_06.jpg","_sources/model-reports/deepseek/deepseek-math/images/figure_18_unknown_asset_06.jpg","234856","0809dc0178fcb44e37d6f157c13901f629272f5d4f31c2f933d6111bf4da9a62","verified"
"14-主流开源模型全景解析与技术报告精读/14.1-DeepSeek/02-DeepSeek-Math/images/figure_19_unknown_asset_07.jpg","_sources/model-reports/deepseek/deepseek-math/images/figure_19_unknown_asset_07.jpg","16971","583cfea82120b511de9351dd1a5cb1a929c97f6d2051229b0fbf45b00336df2f","verified"
"14-主流开源模型全景解析与技术报告精读/14.1-DeepSeek/02-DeepSeek-Math/images/figure_20_unknown_asset_08.jpg","_sources/model-reports/deepseek/deepseek-math/images/figure_20_unknown_asset_08.jpg","103078","05e616214a4c2ef74c22e8fa567119fe104d7ef3d18ee20e1b0badd24d98d3be","verified"
"14-主流开源模型全景解析与技术报告精读/14.1-DeepSeek/02-DeepSeek-Math/images/figure_21_unknown_asset_09.jpg","_sources/model-reports/deepseek/deepseek-math/images/figure_21_unknown_asset_09.jpg","13731","187c744bb6cd19359113612bede9bd588f49ab0f0337ed0693d85eadf83419d6","verified"
"14-主流开源模型全景解析与技术报告精读/14.1-DeepSeek/02-DeepSeek-Math/images/figure_22_unknown_asset_10.jpg","_sources/model-reports/deepseek/deepseek-math/images/figure_22_unknown_asset_10.jpg","13478","7c6994ef6c71506c7457e17b9d713af8a8f917ec668d8a4c026331d2358da5fa","verified"
"14-主流开源模型全景解析与技术报告精读/14.1-DeepSeek/02-DeepSeek-Math/images/figure_23_unknown_asset_11.jpg","_sources/model-reports/deepseek/deepseek-math/images/figure_23_unknown_asset_11.jpg","11753","a9f6b184639b90cd877de186962d61517dd510e2a78e1caf5d69ce069371d721","verified"
"14-主流开源模型全景解析与技术报告精读/14.1-DeepSeek/02-DeepSeek-Math/images/figure_24_unknown_asset_12.jpg","_sources/model-reports/deepseek/deepseek-math/images/figure_24_unknown_asset_12.jpg","36464","4cc93b656dd7a2b0beeb27f0f4474cfe67bc93f686c6598206d5ca4faf183a85","verified"
"14-主流开源模型全景解析与技术报告精读/14.1-DeepSeek/02-DeepSeek-Math/images/figure_25_unknown_asset_13.jpg","_sources/model-reports/deepseek/deepseek-math/images/figure_25_unknown_asset_13.jpg","101341","680f720428c63392dcf8575dec2e7c340897970fcb6e96a54713785f01db5ca2","verified"
"14-主流开源模型全景解析与技术报告精读/14.1-DeepSeek/02-DeepSeek-Math/images/figure_26_unknown_asset_14.jpg","_sources/model-reports/deepseek/deepseek-math/images/figure_26_unknown_asset_14.jpg","43192","1b02e298dc4a8e10371a8e1094836b401b3c6393af2fe941e08f5817414b59e9","verified"
"14-主流开源模型全景解析与技术报告精读/14.1-DeepSeek/02-DeepSeek-Math/images/figure_27_unknown_asset_15.jpg","_sources/model-reports/deepseek/deepseek-math/images/figure_27_unknown_asset_15.jpg","70854","cc3524b9a8d761e0a36caa0c4b1e4525c3cda33aaec1ea34552b8b1acb0e0caf","verified"
"14-主流开源模型全景解析与技术报告精读/14.1-DeepSeek/02-DeepSeek-Math/images/figure_28_unknown_asset_16.jpg","_sources/model-reports/deepseek/deepseek-math/images/figure_28_unknown_asset_16.jpg","19273","62e83a3eec18a1c5f54b237c3c7c893c47ceefb191e78d5b4667f7d12aba1a3c","verified"
"14-主流开源模型全景解析与技术报告精读/14.1-DeepSeek/02-DeepSeek-Math/images/figure_29_unknown_asset_17.jpg","_sources/model-reports/deepseek/deepseek-math/images/figure_29_unknown_asset_17.jpg","4583","2f1a21b8206b691c32aace59b5e3d4f394f379b5b587e6a0296f97c1648a2608","verified"
"14-主流开源模型全景解析与技术报告精读/14.1-DeepSeek/02-DeepSeek-Math/images/figure_30_unknown_asset_18.jpg","_sources/model-reports/deepseek/deepseek-math/images/figure_30_unknown_asset_18.jpg","12776","3528738088ffe897f1adb0be9490360fea4a4fca2eb4f4e01c8dec4a1f1dca41","verified"
"14-主流开源模型全景解析与技术报告精读/14.1-DeepSeek/02-DeepSeek-Math/images/figure_31_unknown_asset_19.jpg","_sources/model-reports/deepseek/deepseek-math/images/figure_31_unknown_asset_19.jpg","18981","34c5299252c89a70b4fa6649bb778f08ef44d58bc618986e673f0504bd1f9279","verified"
"14-主流开源模型全景解析与技术报告精读/14.1-DeepSeek/02-DeepSeek-Math/images/figure_32_unknown_asset_20.jpg","_sources/model-reports/deepseek/deepseek-math/images/figure_32_unknown_asset_20.jpg","8302","c23dd04377c7b70cf4be411ac5ed4bdcf647a6f86224668cc2e9e69562a27ada","verified"
"14-主流开源模型全景解析与技术报告精读/14.1-DeepSeek/02-DeepSeek-Math/images/figure_33_unknown_asset_21.jpg","_sources/model-reports/deepseek/deepseek-math/images/figure_33_unknown_asset_21.jpg","32233","ac320c5e82ec343e10f5be0ef0464de3966b7d053f67744ed962b97da681a766","verified"
"14-主流开源模型全景解析与技术报告精读/14.1-DeepSeek/02-DeepSeek-Math/images/figure_34_unknown_asset_22.jpg","_sources/model-reports/deepseek/deepseek-math/images/figure_34_unknown_asset_22.jpg","23162","909687c112bfb2f683a622591fca873997b5d19881f76a121311f478d7cde16a","verified"
"14-主流开源模型全景解析与技术报告精读/14.1-DeepSeek/02-DeepSeek-Math/images/figure_35_unknown_asset_23.jpg","_sources/model-reports/deepseek/deepseek-math/images/figure_35_unknown_asset_23.jpg","11365","42c886e977de6b88dcb951513aa0ff9c7802ae2cb970ab37b82d97aea5dc0148","verified"
"14-主流开源模型全景解析与技术报告精读/14.1-DeepSeek/02-DeepSeek-Math/images/figure_36_unknown_asset_24.jpg","_sources/model-reports/deepseek/deepseek-math/images/figure_36_unknown_asset_24.jpg","24432","04a1628fce7325749308224c4556e250161225542d7227ccec18746c204f3eb2","verified"
"14-主流开源模型全景解析与技术报告精读/14.1-DeepSeek/02-DeepSeek-Math/images/figure_37_unknown_asset_25.jpg","_sources/model-reports/deepseek/deepseek-math/images/figure_37_unknown_asset_25.jpg","12067","de88ca20af01a53570a7c494a951c576115b373ef84de405def663c402660ce2","verified"
"14-主流开源模型全景解析与技术报告精读/14.1-DeepSeek/02-DeepSeek-Math/images/figure_38_unknown_asset_26.jpg","_sources/model-reports/deepseek/deepseek-math/images/figure_38_unknown_asset_26.jpg","18480","e91b7729643dfde9a9725beed0754aed28ff2526f85cbe30e9477491ce22d835","verified"
"14-主流开源模型全景解析与技术报告精读/14.1-DeepSeek/02-DeepSeek-Math/images/figure_39_unknown_asset_27.jpg","_sources/model-reports/deepseek/deepseek-math/images/figure_39_unknown_asset_27.jpg","17265","e3c645d3d285c3d6f78a2800a06ece4af663c6835e7e3c5b6b3e89609a6ecfb5","verified"
"14-主流开源模型全景解析与技术报告精读/14.1-DeepSeek/02-DeepSeek-Math/images/figure_40_unknown_asset_28.jpg","_sources/model-reports/deepseek/deepseek-math/images/figure_40_unknown_asset_28.jpg","76437","d037627cbffbd17fe71a319b15021fffd83c01324aee3589ddd2a37fa2ae2c72","verified"
"14-主流开源模型全景解析与技术报告精读/14.1-DeepSeek/02-DeepSeek-Math/images/figure_41_unknown_asset_29.jpg","_sources/model-reports/deepseek/deepseek-math/images/figure_41_unknown_asset_29.jpg","12148","e0d3928d83ec9439f938fed76b4630e8cf9bff3a98cb3eb65caa433797fa524e","verified"
"14-主流开源模型全景解析与技术报告精读/14.1-DeepSeek/02-DeepSeek-Math/images/figure_42_unknown_asset_30.jpg","_sources/model-reports/deepseek/deepseek-math/images/figure_42_unknown_asset_30.jpg","6199","ec2012c27fcc95befde54bd7263caf4cb5623e3bacf8b0a567d6585d16397fd7","verified"
"14-主流开源模型全景解析与技术报告精读/14.1-DeepSeek/02-DeepSeek-Math/images/figure_43_unknown_asset_31.jpg","_sources/model-reports/deepseek/deepseek-math/images/figure_43_unknown_asset_31.jpg","23765","fa7c5957c7f3e820bf98d8a79d757c2278440a99a5b6aa645f88ec644ccfa1d8","verified"
"14-主流开源模型全景解析与技术报告精读/14.1-DeepSeek/02-DeepSeek-Math/images/figure_44_unknown_asset_32.jpg","_sources/model-reports/deepseek/deepseek-math/images/figure_44_unknown_asset_32.jpg","10608","53c29545bc681727369424f8ba06ffcbb535d5dd943e343344cfcc4cfe1092af","verified"
"14-主流开源模型全景解析与技术报告精读/14.1-DeepSeek/02-DeepSeek-Math/images/figure_45_unknown_asset_33.jpg","_sources/model-reports/deepseek/deepseek-math/images/figure_45_unknown_asset_33.jpg","8562","107601be9428307fbf85d56d56131fdd9381ccfca2d9a2b51221dba66a21354a","verified"
"14-主流开源模型全景解析与技术报告精读/14.1-DeepSeek/02-DeepSeek-Math/images/figure_46_unknown_asset_34.jpg","_sources/model-reports/deepseek/deepseek-math/images/figure_46_unknown_asset_34.jpg","13958","32df4e62cac29c367819e902fa71e5b71e93e59bb70bb542a429ea517f6f603f","verified"
"14-主流开源模型全景解析与技术报告精读/14.1-DeepSeek/02-DeepSeek-Math/images/figure_47_unknown_asset_35.jpg","_sources/model-reports/deepseek/deepseek-math/images/figure_47_unknown_asset_35.jpg","48858","3f27a520ae70f2500498b5cb21f0891870deb2845861031b9dd14a645efcd2ff","verified"
"14-主流开源模型全景解析与技术报告精读/14.1-DeepSeek/02-DeepSeek-Math/images/figure_48_unknown_asset_36.jpg","_sources/model-reports/deepseek/deepseek-math/images/figure_48_unknown_asset_36.jpg","80562","f5ac97d219b1686669ce8abeed006ea7545a171753cc6cd9b829a9a92ac08cfb","verified"
"14-主流开源模型全景解析与技术报告精读/14.1-DeepSeek/02-DeepSeek-Math/images/GRPO.pdf","_sources/model-reports/deepseek/deepseek-math/images/GRPO.pdf","77011","beca3ceca4fe47c2d22135ada08d865a05fc701e61ab42c6be4646bbc661330a","verified"
"14-主流开源模型全景解析与技术报告精读/14.1-DeepSeek/02-DeepSeek-Math/images/iter_rl.pdf","_sources/model-reports/deepseek/deepseek-math/images/iter_rl.pdf","19037","81c5e3c26088f7ab3679d406948e47c0e20c24351f8eaa4f6af443ae371df9ec","verified"
"14-主流开源模型全景解析与技术报告精读/14.1-DeepSeek/02-DeepSeek-Math/images/Math.png","_sources/model-reports/deepseek/deepseek-math/images/Math.png","110646","233a59a6fb43d862936321ad998d07b9ffbc912f6e5b068a22f9704b56a5677f","verified"
"14-主流开源模型全景解析与技术报告精读/14.1-DeepSeek/02-DeepSeek-Math/images/pipeline.pdf","_sources/model-reports/deepseek/deepseek-math/images/pipeline.pdf","471305","bf74b0ef78b601643d4a02e621235aaef5aee9072a523ab12f843e0eb5ded4a0","verified"
"14-主流开源模型全景解析与技术报告精读/14.1-DeepSeek/02-DeepSeek-Math/images/unused_01.jpg","_sources/model-reports/deepseek/deepseek-math/images/unused_01.jpg","74593","0f4a86041c16aec290f58171cb377e05c95e38d9878d4ce544be7a92c614c308","verified"
"14-主流开源模型全景解析与技术报告精读/14.1-DeepSeek/02-DeepSeek-Math/images/unused_02.jpg","_sources/model-reports/deepseek/deepseek-math/images/unused_02.jpg","9788","58fc731c203fb2ca155a7f9246edc2c1be3aa4749322068874b4b3610adf7e61","verified"
"14-主流开源模型全景解析与技术报告精读/14.1-DeepSeek/02-DeepSeek-Math/images/unused_03.jpg","_sources/model-reports/deepseek/deepseek-math/images/unused_03.jpg","12024","33ed0b6d4fe2560a980a0bfaa0fd929fa18cd267d1e01626ef48876ce4a3f2a1","verified"
"14-主流开源模型全景解析与技术报告精读/14.1-DeepSeek/02-DeepSeek-Math/images/unused_04.jpg","_sources/model-reports/deepseek/deepseek-math/images/unused_04.jpg","9489","d8934e7577f3f6f1407c7c3a3f8a78cae1bfaf79d36b3fd991c3023929a0a268","verified"
"14-主流开源模型全景解析与技术报告精读/14.1-DeepSeek/02-DeepSeek-Math/images/unused_05.jpg","_sources/model-reports/deepseek/deepseek-math/images/unused_05.jpg","15839","c0ef1184a5e7897f40420085f8e4af6a80477a7573a8c52bad17ba4e3890c7e8","verified"
"14-主流开源模型全景解析与技术报告精读/14.1-DeepSeek/02-DeepSeek-Math/images/unused_06.jpg","_sources/model-reports/deepseek/deepseek-math/images/unused_06.jpg","17405","83973ef2166f57c3f9a23119ca0136f3cec11ddc9843e148e8615186a5ce7ac3","verified"
"14-主流开源模型全景解析与技术报告精读/14.1-DeepSeek/02-DeepSeek-Math/images/unused_07.jpg","_sources/model-reports/deepseek/deepseek-math/images/unused_07.jpg","11228","10d68ad4ca90592c0238fca7b7865a9ef61094086002be72d751c9f4172e1cfa","verified"
"14-主流开源模型全景解析与技术报告精读/14.1-DeepSeek/02-DeepSeek-Math/images/unused_08.jpg","_sources/model-reports/deepseek/deepseek-math/images/unused_08.jpg","23187","86d940281faa72ace781dda98ef5cd3ff847530b1612fae81e975e26a1c47659","verified"
"14-主流开源模型全景解析与技术报告精读/14.1-DeepSeek/02-DeepSeek-Math/images/unused_09.jpg","_sources/model-reports/deepseek/deepseek-math/images/unused_09.jpg","155587","67b48f9c728b49d5794ac78a6d014b7bec9fb492452188cdfac01be8eeccd768","verified"
"14-主流开源模型全景解析与技术报告精读/14.1-DeepSeek/02-DeepSeek-Math/images/unused_10.jpg","_sources/model-reports/deepseek/deepseek-math/images/unused_10.jpg","50191","315aedbc132fc9fbeb28dd95575367e4552b0aa5893380f9083e2f31648635dc","verified"
"14-主流开源模型全景解析与技术报告精读/14.1-DeepSeek/02-DeepSeek-Math/images/unused_11.jpg","_sources/model-reports/deepseek/deepseek-math/images/unused_11.jpg","7065","91f57503f0ed9a1e227600bebea08a934e42f6b757f841e762cae7b9a0f381f0","verified"
"14-主流开源模型全景解析与技术报告精读/14.1-DeepSeek/02-DeepSeek-Math/images/unused_12.jpg","_sources/model-reports/deepseek/deepseek-math/images/unused_12.jpg","12661","ed319442b15d27396b4c809b89e8b13f0a2c8a25b0907f69318a4dc34aa9b2d1","verified"
"14-主流开源模型全景解析与技术报告精读/14.1-DeepSeek/02-DeepSeek-Math/images/unused_13.jpg","_sources/model-reports/deepseek/deepseek-math/images/unused_13.jpg","20981","f3b98ce4d160231f31d88a58c9c8bb616005b218466a1546c71aac9cbbaab734","verified"
"14-主流开源模型全景解析与技术报告精读/14.1-DeepSeek/02-DeepSeek-Math/images/unused_14.jpg","_sources/model-reports/deepseek/deepseek-math/images/unused_14.jpg","21433","c719dc2a6f745ded5dd29176d7ab4f1519a4b646bacea566d168a9832fe8a785","verified"
"14-主流开源模型全景解析与技术报告精读/14.1-DeepSeek/02-DeepSeek-Math/images/unused_15.jpg","_sources/model-reports/deepseek/deepseek-math/images/unused_15.jpg","11869","e8fc888ffb9419f2c649b186125a3c990961e71bcfb32099ce3ee65a5c522ec9","verified"
"14-主流开源模型全景解析与技术报告精读/14.1-DeepSeek/02-DeepSeek-Math/images/unused_16.jpg","_sources/model-reports/deepseek/deepseek-math/images/unused_16.jpg","96539","853822761e85d1132778fc0cf2234ec7dbbbc1a83b8dd191d37bc776503a3f17","verified"
"14-主流开源模型全景解析与技术报告精读/14.1-DeepSeek/02-DeepSeek-Math/images/unused_17.jpg","_sources/model-reports/deepseek/deepseek-math/images/unused_17.jpg","10254","6b62236d65c6ad4a7fc15c0e89bd8de8485164462231cfbfaf82e4163b38e050","verified"
"14-主流开源模型全景解析与技术报告精读/14.1-DeepSeek/02-DeepSeek-Math/images/unused_18.jpg","_sources/model-reports/deepseek/deepseek-math/images/unused_18.jpg","11953","5864286726ed815a6b20f8be83c7b895be9de428287bd439fb18115fe50531a9","verified"
"14-主流开源模型全景解析与技术报告精读/14.1-DeepSeek/02-DeepSeek-Math/images/unused_19.jpg","_sources/model-reports/deepseek/deepseek-math/images/unused_19.jpg","18593","9dc94901db8ecf52f4798882b26a4c9c56e9880dedcbec0dfa23759683c91449","verified"
"14-主流开源模型全景解析与技术报告精读/14.1-DeepSeek/02-DeepSeek-Math/images/unused_20.jpg","_sources/model-reports/deepseek/deepseek-math/images/unused_20.jpg","18093","e7abbc9e2936134af088b3d140ea8b138a287b9c9f9b254f577b2f6a2cddb6f8","verified"
"14-主流开源模型全景解析与技术报告精读/14.1-DeepSeek/02-DeepSeek-Math/images/unused_21.jpg","_sources/model-reports/deepseek/deepseek-math/images/unused_21.jpg","15878","22148f1928922c8c981413a5e08000da202e22eeacfeeee198a6a998ca47ee24","verified"
"14-主流开源模型全景解析与技术报告精读/14.1-DeepSeek/02-DeepSeek-Math/images/unused_22.jpg","_sources/model-reports/deepseek/deepseek-math/images/unused_22.jpg","17193","c958072c4b0d4d40a2e199176840d303586f16df35c1de91670bfa0d177e22a5","verified"
"14-主流开源模型全景解析与技术报告精读/14.1-DeepSeek/02-DeepSeek-Math/images/unused_23.jpg","_sources/model-reports/deepseek/deepseek-math/images/unused_23.jpg","96947","581d8f986b5e0f4e225255940062e392aeb6f55d766eba4f2cf882c50011cf05","verified"
"14-主流开源模型全景解析与技术报告精读/14.1-DeepSeek/02-DeepSeek-Math/images/unused_24.jpg","_sources/model-reports/deepseek/deepseek-math/images/unused_24.jpg","72032","b716172b7911325be3d03f59651dc4584c4d9b47077e2ab32c9908792152bb57","verified"
"14-主流开源模型全景解析与技术报告精读/14.1-DeepSeek/02-DeepSeek-Math/images/unused_25.jpg","_sources/model-reports/deepseek/deepseek-math/images/unused_25.jpg","7754","ba3d28289f66bc4689b80434dee48e41951fded95c9d9c4ebe21a6d869bdefb9","verified"
"14-主流开源模型全景解析与技术报告精读/14.1-DeepSeek/02-DeepSeek-Math/images/unused_26.jpg","_sources/model-reports/deepseek/deepseek-math/images/unused_26.jpg","3647","c244e21be01f57f1f26514a635bc7b919a5669b7e1e909820b66265a7dbbb2c1","verified"
"14-主流开源模型全景解析与技术报告精读/14.1-DeepSeek/02-DeepSeek-Math/images/unused_27.jpg","_sources/model-reports/deepseek/deepseek-math/images/unused_27.jpg","58311","159e50c86418c3655b8b42f0603ebbf82173b363d297728822fc54a129a7d094","verified"
"14-主流开源模型全景解析与技术报告精读/14.1-DeepSeek/02-DeepSeek-Math/images/unused_28.jpg","_sources/model-reports/deepseek/deepseek-math/images/unused_28.jpg","71837","c1d39edf501536ad3f9e7e5a49714ebbefe507b7177c402228a13e28f3e9ff90","verified"
"14-主流开源模型全景解析与技术报告精读/14.1-DeepSeek/02-DeepSeek-Math/images/unused_29.jpg","_sources/model-reports/deepseek/deepseek-math/images/unused_29.jpg","77043","3764785f1e9fbbcbaa5d79af1d17f9505e1c218bc2edd389a9fa0b4597747b43","verified"
"14-主流开源模型全景解析与技术报告精读/14.1-DeepSeek/02-DeepSeek-Math/images/unused_30.jpg","_sources/model-reports/deepseek/deepseek-math/images/unused_30.jpg","106491","9dcc21ea3a4df60f07af220d2ead5172963e57de620aac9022ff152c5ea154e0","verified"
"14-主流开源模型全景解析与技术报告精读/14.1-DeepSeek/02-DeepSeek-Math/images/unused_31.jpg","_sources/model-reports/deepseek/deepseek-math/images/unused_31.jpg","12954","39d300c28780447a45f581d1b6abba0a6b395187262fafb96424e2d09ee2acf5","verified"
"14-主流开源模型全景解析与技术报告精读/14.1-DeepSeek/02-DeepSeek-Math/images/unused_32.jpg","_sources/model-reports/deepseek/deepseek-math/images/unused_32.jpg","9715","72f23dbde6d4760912e9fe287b2fa8afc77954435192366d92e3d35679b09c4d","verified"
"14-主流开源模型全景解析与技术报告精读/14.1-DeepSeek/02-DeepSeek-Math/pdfs/DeepSeek-Math.pdf","_sources/model-reports/deepseek/deepseek-math/pdfs/DeepSeek-Math.pdf","1844642","6cc20b3c5b8d25b8b53868fc4ec1792c144f07d67bdf7395138efd4422197e7b","verified"
"14-主流开源模型全景解析与技术报告精读/14.1-DeepSeek/03-DeepSeek-V2/images/code.pdf","_sources/model-reports/deepseek/deepseek-v2/images/code.pdf","28456","dc901c73e21f44e364dc832a02fa61a50f72288bb4af3c398c98f3dc7a7dbad7","verified"
"14-主流开源模型全景解析与技术报告精读/14.1-DeepSeek/03-DeepSeek-V2/images/deepseekv2.pdf","_sources/model-reports/deepseek/deepseek-v2/images/deepseekv2.pdf","201400","e51bd32aa0f2f33e53288f3915b6813c489277dfeef4dfbef77d5215577db6b6","verified"
"14-主流开源模型全景解析与技术报告精读/14.1-DeepSeek/03-DeepSeek-V2/images/dsattn.pdf","_sources/model-reports/deepseek/deepseek-v2/images/dsattn.pdf","99493","aa1c8a9d97390474214243ec870aafa71105b061b3b98d2000f363148cc82a61","verified"
"14-主流开源模型全景解析与技术报告精读/14.1-DeepSeek/03-DeepSeek-V2/images/efficiency.pdf","_sources/model-reports/deepseek/deepseek-v2/images/efficiency.pdf","32952","eee8df79b6c6e3bcfb422424b4e7799b0a5487536f7aef5af1e817e1126afad9","verified"
"14-主流开源模型全景解析与技术报告精读/14.1-DeepSeek/03-DeepSeek-V2/images/fig01a_mmlu_accuracy.jpg","_sources/model-reports/deepseek/deepseek-v2/images/fig01a_mmlu_accuracy.jpg","56325","ec3bc4c441da0f4ca1c2372796fd7724d30e192e010f5e854edf1e043989996a","verified"
"14-主流开源模型全景解析与技术报告精读/14.1-DeepSeek/03-DeepSeek-V2/images/fig01b_training_costs.jpg","_sources/model-reports/deepseek/deepseek-v2/images/fig01b_training_costs.jpg","16413","97f7c99010aa47cf379b3c5fe8d597019bad9926e60367a6eba45046aab65886","verified"
"14-主流开源模型全景解析与技术报告精读/14.1-DeepSeek/03-DeepSeek-V2/images/fig01c_kv_cache.jpg","_sources/model-reports/deepseek/deepseek-v2/images/fig01c_kv_cache.jpg","15608","f61477eee2ec456efc3480eeb9cf6463bb55a97341dc4230a5b78aba313385f1","verified"
"14-主流开源模型全景解析与技术报告精读/14.1-DeepSeek/03-DeepSeek-V2/images/fig01d_throughput.jpg","_sources/model-reports/deepseek/deepseek-v2/images/fig01d_throughput.jpg","17815","35c1024706647e1768e0aef721ed55ba7d0976aa4014f9202cf2670852798d21","verified"
"14-主流开源模型全景解析与技术报告精读/14.1-DeepSeek/03-DeepSeek-V2/images/fig02_architecture.jpg","_sources/model-reports/deepseek/deepseek-v2/images/fig02_architecture.jpg","159094","cca8fe666963ac3ff76b2b6aaaabfd13c9a705cc8929acf94729beac8bf639b7","verified"
"14-主流开源模型全景解析与技术报告精读/14.1-DeepSeek/03-DeepSeek-V2/images/fig03_attention_comparison.jpg","_sources/model-reports/deepseek/deepseek-v2/images/fig03_attention_comparison.jpg","71560","cc6eb11554b70471078a48894b558e8037c2b4a2da5744bbab745057b07fc090","verified"
"14-主流开源模型全景解析与技术报告精读/14.1-DeepSeek/03-DeepSeek-V2/images/fig04_niah_test.jpg","_sources/model-reports/deepseek/deepseek-v2/images/fig04_niah_test.jpg","48848","1719943e7ec5097c7db6d5454c92fcaa1b3f56844977b02b5951a43ce1e68e94","verified"
"14-主流开源模型全景解析与技术报告精读/14.1-DeepSeek/03-DeepSeek-V2/images/fig05_code_benchmark.jpg","_sources/model-reports/deepseek/deepseek-v2/images/fig05_code_benchmark.jpg","67975","7640c7c359fbe6f3312755dac2c47bd8d0de70565cb76dd7b265a6abfb07c280","verified"
"14-主流开源模型全景解析与技术报告精读/14.1-DeepSeek/03-DeepSeek-V2/images/mmlu.pdf","_sources/model-reports/deepseek/deepseek-v2/images/mmlu.pdf","27833","75f2878fb3c9e1e48d326d42a1c2ddf381e8698f69a4eb3f73e7cd70f69d7da5","verified"
"14-主流开源模型全景解析与技术报告精读/14.1-DeepSeek/03-DeepSeek-V2/images/needle_in_a_haystack.pdf","_sources/model-reports/deepseek/deepseek-v2/images/needle_in_a_haystack.pdf","27946","36d7c174a9e16dd3b8aac0eb96560de7fb568a9bb325564caec81bf65bc4830b","verified"
"14-主流开源模型全景解析与技术报告精读/14.1-DeepSeek/03-DeepSeek-V2/images/table13_arc_example.jpg","_sources/model-reports/deepseek/deepseek-v2/images/table13_arc_example.jpg","117416","262f441143477f6d2af9e81b27c9a9cfdb6384fcb4599364e7e696bba898ee8a","verified"
"14-主流开源模型全景解析与技术报告精读/14.1-DeepSeek/03-DeepSeek-V2/images/table14_bbh_example.jpg","_sources/model-reports/deepseek/deepseek-v2/images/table14_bbh_example.jpg","229322","efce62fa9a92c56f24ddb8091a9920d131d9b90d5654f78b6dea456dc73e78a8","verified"
"14-主流开源模型全景解析与技术报告精读/14.1-DeepSeek/03-DeepSeek-V2/images/table16_c3_example.jpg","_sources/model-reports/deepseek/deepseek-v2/images/table16_c3_example.jpg","34398","ffab09c7dee35b066b15624f5ba881215c9b2f1df8ca5280a1d642947f057867","verified"
"14-主流开源模型全景解析与技术报告精读/14.1-DeepSeek/03-DeepSeek-V2/images/table17_ccpm_example.jpg","_sources/model-reports/deepseek/deepseek-v2/images/table17_ccpm_example.jpg","65582","2fae71e8cf537d1e79982de7eaa6ff9289bddf8bca942e006981b855ab4cec88","verified"
"14-主流开源模型全景解析与技术报告精读/14.1-DeepSeek/03-DeepSeek-V2/images/table19_cmmlu_example.jpg","_sources/model-reports/deepseek/deepseek-v2/images/table19_cmmlu_example.jpg","106860","b74a64a6bbefb6e4c16ab5ada28af05a38206b485f464cbd910b08350c0bbadf","verified"
"14-主流开源模型全景解析与技术报告精读/14.1-DeepSeek/03-DeepSeek-V2/images/table20_chinese_reading_example.jpg","_sources/model-reports/deepseek/deepseek-v2/images/table20_chinese_reading_example.jpg","106211","03bbbc29b4596575d1b1cc0a954964572bc19e1fa86b958e6510512dd3187c83","verified"
"14-主流开源模型全景解析与技术报告精读/14.1-DeepSeek/03-DeepSeek-V2/images/table21_drop_example.jpg","_sources/model-reports/deepseek/deepseek-v2/images/table21_drop_example.jpg","98092","0b3395338999036b4adc2daeb6fa1652f6ed5c6e605e9bd5414829d91ee8d60a","verified"
"14-主流开源模型全景解析与技术报告精读/14.1-DeepSeek/03-DeepSeek-V2/images/table22_chid_example.jpg","_sources/model-reports/deepseek/deepseek-v2/images/table22_chid_example.jpg","59581","d20002a2fdabd93f1189c0f79ff948dc16b0353deb090f2e880b45fcaa13d015","verified"
"14-主流开源模型全景解析与技术报告精读/14.1-DeepSeek/03-DeepSeek-V2/images/table26_humaneval_example.jpg","_sources/model-reports/deepseek/deepseek-v2/images/table26_humaneval_example.jpg","27899","000aca9c8a7be4b7af1b5cd64a82ba8a232b879371e6ef15ea4d3e82cae82902","verified"
"14-主流开源模型全景解析与技术报告精读/14.1-DeepSeek/03-DeepSeek-V2/images/table27_math_example.jpg","_sources/model-reports/deepseek/deepseek-v2/images/table27_math_example.jpg","254309","cc0a77d20716f9caa0f83a4caa3ad83200819bb526b7c785130c8527f5ffa1c0","verified"
"14-主流开源模型全景解析与技术报告精读/14.1-DeepSeek/03-DeepSeek-V2/images/table30_naturalquestions_example.jpg","_sources/model-reports/deepseek/deepseek-v2/images/table30_naturalquestions_example.jpg","56110","50d0e50252c7d3e2015215a7d0fd474a07f4336d9c7d34e7fec47da7524203b8","verified"
"14-主流开源模型全景解析与技术报告精读/14.1-DeepSeek/03-DeepSeek-V2/images/table31_openbookqa_example.jpg","_sources/model-reports/deepseek/deepseek-v2/images/table31_openbookqa_example.jpg","58421","70b40d9f2527e25822dd362dd03392688d89b07cc46cb2395fa18365ffcd9db9","verified"
"14-主流开源模型全景解析与技术报告精读/14.1-DeepSeek/03-DeepSeek-V2/images/table32_piqa_example.jpg","_sources/model-reports/deepseek/deepseek-v2/images/table32_piqa_example.jpg","41151","d0f12de50c88d7ac7d79c018e809e7a729d6dc2515ffee361c727d81861e46fa","verified"
"14-主流开源模型全景解析与技术报告精读/14.1-DeepSeek/03-DeepSeek-V2/images/table34_triviaqa_example.jpg","_sources/model-reports/deepseek/deepseek-v2/images/table34_triviaqa_example.jpg","131089","34a12ecc05d7651e9194ccad6cf1c304ee994a2ee50bfcc6e1b31e219dcaca11","verified"
"14-主流开源模型全景解析与技术报告精读/14.1-DeepSeek/03-DeepSeek-V2/images/table35_winogrande_example.jpg","_sources/model-reports/deepseek/deepseek-v2/images/table35_winogrande_example.jpg","29178","c2c832a988caa999c8e82a847d48a61bc32a0aa4ac44b64924ba240245229004","verified"
"14-主流开源模型全景解析与技术报告精读/14.1-DeepSeek/03-DeepSeek-V2/images/unused_01.jpg","_sources/model-reports/deepseek/deepseek-v2/images/unused_01.jpg","161025","99f7eec8e7103de7f3e3c7c8f2a22fc4458b48031b2e2855bc7966a258717bc3","verified"
"14-主流开源模型全景解析与技术报告精读/14.1-DeepSeek/03-DeepSeek-V2/images/unused_02.jpg","_sources/model-reports/deepseek/deepseek-v2/images/unused_02.jpg","1968","4e0fcd256cd0a69e03429126a4530a95cf63ae49392bbdc9fdfb8de6a556433a","verified"
"14-主流开源模型全景解析与技术报告精读/14.1-DeepSeek/03-DeepSeek-V2/images/unused_03.jpg","_sources/model-reports/deepseek/deepseek-v2/images/unused_03.jpg","3553","f4f7845c0b4176eec9b18b3592581d0e032c9443f6016953dbca64fdd93693eb","verified"
"14-主流开源模型全景解析与技术报告精读/14.1-DeepSeek/03-DeepSeek-V2/images/unused_04.jpg","_sources/model-reports/deepseek/deepseek-v2/images/unused_04.jpg","3704","88ddd6c0aee6cccc7541d20f6455b5aef8fa77e146d6913b39873a5229fb33e7","verified"
"14-主流开源模型全景解析与技术报告精读/14.1-DeepSeek/03-DeepSeek-V2/images/unused_05.jpg","_sources/model-reports/deepseek/deepseek-v2/images/unused_05.jpg","3826","a54262ac6e2fde19375014fddcb0c4db47be51fa3af68879810819c2c447d178","verified"
"14-主流开源模型全景解析与技术报告精读/14.1-DeepSeek/03-DeepSeek-V2/images/unused_06.jpg","_sources/model-reports/deepseek/deepseek-v2/images/unused_06.jpg","120553","77196026ab5c71bd113c23815e27d666f53592b8899a0d9a34ccaaf93ed2f0b4","verified"
"14-主流开源模型全景解析与技术报告精读/14.1-DeepSeek/03-DeepSeek-V2/images/unused_07.jpg","_sources/model-reports/deepseek/deepseek-v2/images/unused_07.jpg","2979","ecde77279dea224d2c182f6802de6db2722987601b038287fda1178a153340a0","verified"
"14-主流开源模型全景解析与技术报告精读/14.1-DeepSeek/03-DeepSeek-V2/images/unused_08.jpg","_sources/model-reports/deepseek/deepseek-v2/images/unused_08.jpg","8535","e7827ab8773b30e2536ebcd198781756df387bb61855083b76b47f13fe66ed74","verified"
"14-主流开源模型全景解析与技术报告精读/14.1-DeepSeek/03-DeepSeek-V2/images/unused_09.jpg","_sources/model-reports/deepseek/deepseek-v2/images/unused_09.jpg","4195","c805834a56f3794389ef1ef79027e27d3a0d02ecc88f747df67192017f065e21","verified"
"14-主流开源模型全景解析与技术报告精读/14.1-DeepSeek/03-DeepSeek-V2/images/unused_10.jpg","_sources/model-reports/deepseek/deepseek-v2/images/unused_10.jpg","215075","7f8f7ccdbe1dbd85da271f7b7bac143cd7a42f03349ba7509c118f2c74951b76","verified"
"14-主流开源模型全景解析与技术报告精读/14.1-DeepSeek/03-DeepSeek-V2/images/unused_11.jpg","_sources/model-reports/deepseek/deepseek-v2/images/unused_11.jpg","3354","e67cd375da2db73250023cd8835f8e5cf4ed5061233199cfdba0d91301a8487b","verified"
"14-主流开源模型全景解析与技术报告精读/14.1-DeepSeek/03-DeepSeek-V2/images/unused_12.jpg","_sources/model-reports/deepseek/deepseek-v2/images/unused_12.jpg","3692","54040026aa3b176b2b1119720ef6ba2d7605fd4fc8220c5d671c012766b1b895","verified"
"14-主流开源模型全景解析与技术报告精读/14.1-DeepSeek/03-DeepSeek-V2/images/unused_13.jpg","_sources/model-reports/deepseek/deepseek-v2/images/unused_13.jpg","2379","5c9a17f0301258eb85182bca7e6d2595f1b1c27e9c6668564d27b553b3834d82","verified"
"14-主流开源模型全景解析与技术报告精读/14.1-DeepSeek/03-DeepSeek-V2/images/unused_14.jpg","_sources/model-reports/deepseek/deepseek-v2/images/unused_14.jpg","3072","8166969c6a9d1bd3578375dafcb69b81cc5424c623c81c020ff864ff2b1bd63d","verified"
"14-主流开源模型全景解析与技术报告精读/14.1-DeepSeek/03-DeepSeek-V2/images/unused_15.jpg","_sources/model-reports/deepseek/deepseek-v2/images/unused_15.jpg","3683","18ddb82d2d14f7371efae54553fad453ee061d8ace7e5144384200d9c36028ea","verified"
"14-主流开源模型全景解析与技术报告精读/14.1-DeepSeek/03-DeepSeek-V2/images/unused_16.jpg","_sources/model-reports/deepseek/deepseek-v2/images/unused_16.jpg","2362","7e95b39a5edef059946ade611b23521d5b9fca5822d35be172919fd4c03a5b5e","verified"
"14-主流开源模型全景解析与技术报告精读/14.1-DeepSeek/03-DeepSeek-V2/images/unused_17.jpg","_sources/model-reports/deepseek/deepseek-v2/images/unused_17.jpg","2218","ffc91a4899e95cffab1cb417545204580c8e3dd994bf69d6334c7691bd24d229","verified"
"14-主流开源模型全景解析与技术报告精读/14.1-DeepSeek/03-DeepSeek-V2/images/unused_18.jpg","_sources/model-reports/deepseek/deepseek-v2/images/unused_18.jpg","9617","9086d5909cab47403c664539f8072cae9838488bc87a711168cb9d1dcefe5768","verified"
"14-主流开源模型全景解析与技术报告精读/14.1-DeepSeek/03-DeepSeek-V2/images/unused_19.jpg","_sources/model-reports/deepseek/deepseek-v2/images/unused_19.jpg","45386","5115e69333b52fd3839a2643abbba0868e80aebf48532a58dfc2ad4f84f5caac","verified"
"14-主流开源模型全景解析与技术报告精读/14.1-DeepSeek/03-DeepSeek-V2/images/unused_20.jpg","_sources/model-reports/deepseek/deepseek-v2/images/unused_20.jpg","7326","1197b2e352ea8293d2febd1dfb4df18c5fd9ef3ded41785a2d6b9ca39acd6a89","verified"
"14-主流开源模型全景解析与技术报告精读/14.1-DeepSeek/03-DeepSeek-V2/images/unused_21.jpg","_sources/model-reports/deepseek/deepseek-v2/images/unused_21.jpg","3302","cc385b2c49487808d09532bb4b90904f65e9c45d759c9e4d67de129731256fc2","verified"
"14-主流开源模型全景解析与技术报告精读/14.1-DeepSeek/03-DeepSeek-V2/images/unused_22.jpg","_sources/model-reports/deepseek/deepseek-v2/images/unused_22.jpg","7297","8140adf472ba6aef8199328b5dc9f4c64843a4cc21137876359f597a36f07f5e","verified"
"14-主流开源模型全景解析与技术报告精读/14.1-DeepSeek/03-DeepSeek-V2/images/unused_23.jpg","_sources/model-reports/deepseek/deepseek-v2/images/unused_23.jpg","4594","5f5f860bcb1db973114c6ae5b27bc1105e8b2d9b0d3a4cbec6c6560eaa3e1794","verified"
"14-主流开源模型全景解析与技术报告精读/14.1-DeepSeek/03-DeepSeek-V2/images/unused_24.jpg","_sources/model-reports/deepseek/deepseek-v2/images/unused_24.jpg","76203","9ab0f9d77c0c19a66c8105ae8566847b6e3c2db315522d7c8ac424bc3d5a6b55","verified"
"14-主流开源模型全景解析与技术报告精读/14.1-DeepSeek/03-DeepSeek-V2/images/unused_25.jpg","_sources/model-reports/deepseek/deepseek-v2/images/unused_25.jpg","8443","04d419ab0d87f555da887a675b9c1792711c05ca3e4bf3607f78dbf4ab0091af","verified"
"14-主流开源模型全景解析与技术报告精读/14.1-DeepSeek/03-DeepSeek-V2/images/unused_26.jpg","_sources/model-reports/deepseek/deepseek-v2/images/unused_26.jpg","4209","86599819dc7d7bd7dd9b0febd17ec8db2cee080523a0d28835d06a22c0ca7acf","verified"
"14-主流开源模型全景解析与技术报告精读/14.1-DeepSeek/03-DeepSeek-V2/images/unused_27.jpg","_sources/model-reports/deepseek/deepseek-v2/images/unused_27.jpg","219793","6e0052c3d7c29ba664a633e73f041b062f2e54ea199445c74003408cd8ec7907","verified"
"14-主流开源模型全景解析与技术报告精读/14.1-DeepSeek/03-DeepSeek-V2/images/unused_28.jpg","_sources/model-reports/deepseek/deepseek-v2/images/unused_28.jpg","140070","cb4efbd399d48d25edc9295de41fbda93f6ce8d48a8137ce3d53301056b9b387","verified"
"14-主流开源模型全景解析与技术报告精读/14.1-DeepSeek/03-DeepSeek-V2/images/unused_29.jpg","_sources/model-reports/deepseek/deepseek-v2/images/unused_29.jpg","172352","a4a545853612f1c4b4c8d9b8f5d436d2ba013e7287824a3b7f2ae75fc0da6da2","verified"
"14-主流开源模型全景解析与技术报告精读/14.1-DeepSeek/03-DeepSeek-V2/images/unused_30.jpg","_sources/model-reports/deepseek/deepseek-v2/images/unused_30.jpg","112090","a9b22a6ee5c4e48b69eb118aa5ebbdd82550e292e6f68eb7870470f417c32008","verified"
"14-主流开源模型全景解析与技术报告精读/14.1-DeepSeek/03-DeepSeek-V2/images/unused_31.jpg","_sources/model-reports/deepseek/deepseek-v2/images/unused_31.jpg","1927","ba106681ff2caac9b2c74b81992cddd4e41df387957ebff7ff429e3439c42755","verified"
"14-主流开源模型全景解析与技术报告精读/14.1-DeepSeek/03-DeepSeek-V2/images/unused_32.jpg","_sources/model-reports/deepseek/deepseek-v2/images/unused_32.jpg","5215","c39afb3588e4d6e7670f5c7855adbb7b32fbb28b736b846333d0dfdf63bd2704","verified"
"14-主流开源模型全景解析与技术报告精读/14.1-DeepSeek/03-DeepSeek-V2/images/unused_33.jpg","_sources/model-reports/deepseek/deepseek-v2/images/unused_33.jpg","46152","c0765ef4dd12166185208955d25e5cda2b641d1375cca0bb9ec28fa318383d94","verified"
"14-主流开源模型全景解析与技术报告精读/14.1-DeepSeek/03-DeepSeek-V2/images/unused_34.jpg","_sources/model-reports/deepseek/deepseek-v2/images/unused_34.jpg","2025","f914a5cd0ad32c9dbcdaed854e505daf5b0d32eaced9aaf80d7aa5b13257207c","verified"
"14-主流开源模型全景解析与技术报告精读/14.1-DeepSeek/03-DeepSeek-V2/images/unused_35.jpg","_sources/model-reports/deepseek/deepseek-v2/images/unused_35.jpg","7777","7b726884809bbe7f119a2d7b11e86c28ae13cb0f4c85733049886eb12b86388b","verified"
"14-主流开源模型全景解析与技术报告精读/14.1-DeepSeek/03-DeepSeek-V2/images/unused_36.jpg","_sources/model-reports/deepseek/deepseek-v2/images/unused_36.jpg","41015","030ee78f2eb6b9f28f9c82336a841445bf815848f22d57a000e751f01442838a","verified"
"14-主流开源模型全景解析与技术报告精读/14.1-DeepSeek/03-DeepSeek-V2/images/unused_37.jpg","_sources/model-reports/deepseek/deepseek-v2/images/unused_37.jpg","7971","32c5a0ab79da4b9008ab2b9a873afb2d4e13d6d0901f098a39d17cf6804b7d22","verified"
"14-主流开源模型全景解析与技术报告精读/14.1-DeepSeek/03-DeepSeek-V2/images/unused_38.jpg","_sources/model-reports/deepseek/deepseek-v2/images/unused_38.jpg","2775","aeeba77cb8885187ffc7c797c86878b944d3426680c3a57a0950562373171ea3","verified"
"14-主流开源模型全景解析与技术报告精读/14.1-DeepSeek/03-DeepSeek-V2/images/unused_39.jpg","_sources/model-reports/deepseek/deepseek-v2/images/unused_39.jpg","5655","c5cfd7cd5025502d67c06a832bdd89c168e99e0bf961acc31aef27ed18408f18","verified"
"14-主流开源模型全景解析与技术报告精读/14.1-DeepSeek/03-DeepSeek-V2/images/unused_40.jpg","_sources/model-reports/deepseek/deepseek-v2/images/unused_40.jpg","22843","2e6c1d5814adebb0e242095c555004ede57344e9e4dbf2068258a24ba14593d1","verified"
"14-主流开源模型全景解析与技术报告精读/14.1-DeepSeek/03-DeepSeek-V2/images/unused_41.jpg","_sources/model-reports/deepseek/deepseek-v2/images/unused_41.jpg","2483","bd35d2d51790bb2ec5475985164483ec6b7a91705749de8435bc008d82a96b95","verified"
"14-主流开源模型全景解析与技术报告精读/14.1-DeepSeek/03-DeepSeek-V2/images/unused_42.jpg","_sources/model-reports/deepseek/deepseek-v2/images/unused_42.jpg","5246","8ddf17c65497d1723c0d217b560d0f330f369bf16c54f9ad7fb83e8839c9aca8","verified"
"14-主流开源模型全景解析与技术报告精读/14.1-DeepSeek/03-DeepSeek-V2/images/unused_43.jpg","_sources/model-reports/deepseek/deepseek-v2/images/unused_43.jpg","234720","728bea32b60d631ee77864fb401105f00611964e387596397d5b00c14d9c7bf0","verified"
"14-主流开源模型全景解析与技术报告精读/14.1-DeepSeek/03-DeepSeek-V2/images/unused_44.jpg","_sources/model-reports/deepseek/deepseek-v2/images/unused_44.jpg","2821","f9251c759dcc991cd51b6b6e6357074080aeeaa754464edac8b184ef956c5252","verified"
"14-主流开源模型全景解析与技术报告精读/14.1-DeepSeek/03-DeepSeek-V2/images/unused_45.jpg","_sources/model-reports/deepseek/deepseek-v2/images/unused_45.jpg","44348","03f9798f2ba92baf90a59e37e087239047ad096c19299d655908dfc4d0d01395","verified"
"14-主流开源模型全景解析与技术报告精读/14.1-DeepSeek/03-DeepSeek-V2/images/unused_46.jpg","_sources/model-reports/deepseek/deepseek-v2/images/unused_46.jpg","2577","3c7d2e7bf4c8f0c6e5321254ae0a453cde466bea0e0034e6c42ba735c02392ab","verified"
"14-主流开源模型全景解析与技术报告精读/14.1-DeepSeek/03-DeepSeek-V2/images/unused_47.jpg","_sources/model-reports/deepseek/deepseek-v2/images/unused_47.jpg","3743","a2f46d262207a581513fb5108e1ce9eba4802e7c3501f003ddd5e81e6b129a54","verified"
"14-主流开源模型全景解析与技术报告精读/14.1-DeepSeek/03-DeepSeek-V2/images/unused_48.jpg","_sources/model-reports/deepseek/deepseek-v2/images/unused_48.jpg","52613","6d8b1568165ffdde39c913bc48edfe3f54244600c34ba04ba908701220ae6f85","verified"
"14-主流开源模型全景解析与技术报告精读/14.1-DeepSeek/03-DeepSeek-V2/images/unused_49.jpg","_sources/model-reports/deepseek/deepseek-v2/images/unused_49.jpg","3055","7c497d6e12f5791bc6a8646e519fec6823b9c067c2f70f32e09e325963beea06","verified"
"14-主流开源模型全景解析与技术报告精读/14.1-DeepSeek/03-DeepSeek-V2/images/unused_50.jpg","_sources/model-reports/deepseek/deepseek-v2/images/unused_50.jpg","40291","41d9407a4d4defccf81b046edacae74ae554a93113aa9bcf467268d12df2485c","verified"
"14-主流开源模型全景解析与技术报告精读/14.1-DeepSeek/03-DeepSeek-V2/images/unused_51.jpg","_sources/model-reports/deepseek/deepseek-v2/images/unused_51.jpg","3152","9bddd9cbf02de742c21e2d4e427925dad4ab1f8f36a9fdd8a30930eb202ff1da","verified"
"14-主流开源模型全景解析与技术报告精读/14.1-DeepSeek/03-DeepSeek-V2/images/unused_52.jpg","_sources/model-reports/deepseek/deepseek-v2/images/unused_52.jpg","4300","ebff7a48b3c537bb0d39b45fa0550e2244a71a88f1386fecc7f36a7630a356df","verified"
"14-主流开源模型全景解析与技术报告精读/14.1-DeepSeek/03-DeepSeek-V2/images/unused_53.jpg","_sources/model-reports/deepseek/deepseek-v2/images/unused_53.jpg","7822","4764e72d03a9604f72c327b30d9037c9f03d6fac36a560fd2f89ef2ec333dde5","verified"
"14-主流开源模型全景解析与技术报告精读/14.1-DeepSeek/03-DeepSeek-V2/images/unused_54.jpg","_sources/model-reports/deepseek/deepseek-v2/images/unused_54.jpg","6653","d15ec1424fdcc5a4dd990a89223034618c708abd9bd98d5fd264f5e18d6bfe51","verified"
"14-主流开源模型全景解析与技术报告精读/14.1-DeepSeek/03-DeepSeek-V2/images/unused_55.jpg","_sources/model-reports/deepseek/deepseek-v2/images/unused_55.jpg","6499","704efec60fd887d173513a8f5d8bfea18106a229d95c1927905c80a247ffa56b","verified"
"14-主流开源模型全景解析与技术报告精读/14.1-DeepSeek/03-DeepSeek-V2/images/unused_56.jpg","_sources/model-reports/deepseek/deepseek-v2/images/unused_56.jpg","122500","d785ce039c46d43b19fed0d1cd051d0351ebcf5393c2adb73d4b8e4db979b82a","verified"
"14-主流开源模型全景解析与技术报告精读/14.1-DeepSeek/03-DeepSeek-V2/images/unused_57.jpg","_sources/model-reports/deepseek/deepseek-v2/images/unused_57.jpg","7720","576dcbf0215c4df9d941646bf9b25ef0e28dadfab56cb18b1412749764112b4d","verified"
"14-主流开源模型全景解析与技术报告精读/14.1-DeepSeek/03-DeepSeek-V2/images/unused_58.jpg","_sources/model-reports/deepseek/deepseek-v2/images/unused_58.jpg","396728","25d1c447f060f0218739a710703a038f2be4f5d0da5ce691f9bdaaf6b7e51411","verified"
"14-主流开源模型全景解析与技术报告精读/14.1-DeepSeek/03-DeepSeek-V2/images/unused_59.jpg","_sources/model-reports/deepseek/deepseek-v2/images/unused_59.jpg","2887","11e24dc6bd6ae366fd7a39d54dbe414f83990b1eb96e85ab63bbea307013b86a","verified"
"14-主流开源模型全景解析与技术报告精读/14.1-DeepSeek/03-DeepSeek-V2/images/unused_60.jpg","_sources/model-reports/deepseek/deepseek-v2/images/unused_60.jpg","3905","5dc23b16e500b6155d0d08abbd9a16fa7840e74b99ef6e9d056f93aed2e672e0","verified"
"14-主流开源模型全景解析与技术报告精读/14.1-DeepSeek/03-DeepSeek-V2/images/unused_61.jpg","_sources/model-reports/deepseek/deepseek-v2/images/unused_61.jpg","2250","d33e6b6eb15ed4fefbdd82e8d95c1719d2b5f3c933f7e0e5a984866f33f0a49f","verified"
"14-主流开源模型全景解析与技术报告精读/14.1-DeepSeek/03-DeepSeek-V2/images/unused_62.jpg","_sources/model-reports/deepseek/deepseek-v2/images/unused_62.jpg","2749","97aae3a9d6992dcbccf2e937fa4bc9b67652497fb370a6780ecd808820d7c7af","verified"
"14-主流开源模型全景解析与技术报告精读/14.1-DeepSeek/03-DeepSeek-V2/images/unused_63.jpg","_sources/model-reports/deepseek/deepseek-v2/images/unused_63.jpg","6645","2d685e20a70e147518d56f6722bdcb4da78f79acc78628e0aec9081dcc94b639","verified"
"14-主流开源模型全景解析与技术报告精读/14.1-DeepSeek/03-DeepSeek-V2/images/unused_64.jpg","_sources/model-reports/deepseek/deepseek-v2/images/unused_64.jpg","2763","e8d6f78b91e1fb050e022a58a0381c1012da48c6d1ce0a875fae1f20a185542b","verified"
"14-主流开源模型全景解析与技术报告精读/14.1-DeepSeek/03-DeepSeek-V2/pdfs/DeepSeek-V2-Technical-Report.pdf","_sources/model-reports/deepseek/deepseek-v2/pdfs/DeepSeek-V2-Technical-Report.pdf","1586880","f149f9c09aa8b46ce6a740a255a99b7cc2317ac5b065989339919b7e6c329c9b","verified"
"14-主流开源模型全景解析与技术报告精读/14.1-DeepSeek/04-DeepSeek-Coder-V2/images/curve.pdf","_sources/model-reports/deepseek/deepseek-coder-v2/images/curve.pdf","70004","e300dbb0482be96ae254a007bb45fb9a3b5106a363e58e3e63f8fd25af98f89d","verified"
"14-主流开源模型全景解析与技术报告精读/14.1-DeepSeek/04-DeepSeek-Coder-V2/images/data_clean_pipeline.pdf","_sources/model-reports/deepseek/deepseek-coder-v2/images/data_clean_pipeline.pdf","271504","4a8ad06308eaacef250bcab9f92e33c418b8653382a81cb366e566a5973319a8","verified"
"14-主流开源模型全景解析与技术报告精读/14.1-DeepSeek/04-DeepSeek-Coder-V2/images/example.png","_sources/model-reports/deepseek/deepseek-coder-v2/images/example.png","326992","c9e815070d928c0c4be40e8c0c6d6e4543b2b369d39ef921b2f9183ef6c7cdca","verified"
"14-主流开源模型全景解析与技术报告精读/14.1-DeepSeek/04-DeepSeek-Coder-V2/images/fig01_performance_comparison.jpg","_sources/model-reports/deepseek/deepseek-coder-v2/images/fig01_performance_comparison.jpg","86427","8fdda141430be968311e591fd97872a80bd06ac46a724264e27c684554365092","verified"
"14-主流开源模型全景解析与技术报告精读/14.1-DeepSeek/04-DeepSeek-Coder-V2/images/fig02_niah_test.jpg","_sources/model-reports/deepseek/deepseek-coder-v2/images/fig02_niah_test.jpg","47681","bff9c5968d40451e499a7c0a23a7a321d6ad7cef2022e255609b340f85a6de22","verified"
"14-主流开源模型全景解析与技术报告精读/14.1-DeepSeek/04-DeepSeek-Coder-V2/images/fig03a_reward_model_signal.jpg","_sources/model-reports/deepseek/deepseek-coder-v2/images/fig03a_reward_model_signal.jpg","28521","69968d21b947659518ac7a9c03ade5768f9ee7f5986d0f4182ad7c9722665732","verified"
"14-主流开源模型全景解析与技术报告精读/14.1-DeepSeek/04-DeepSeek-Coder-V2/images/fig03b_methods_performance.jpg","_sources/model-reports/deepseek/deepseek-coder-v2/images/fig03b_methods_performance.jpg","28260","78f393ffffa21cec396fc73dfb368e51a9da65cb76710d5645df958b7b1f48c0","verified"
"14-主流开源模型全景解析与技术报告精读/14.1-DeepSeek/04-DeepSeek-Coder-V2/images/fim.pdf","_sources/model-reports/deepseek/deepseek-coder-v2/images/fim.pdf","18234","248ddc63657002d26fd3f602a1d4cc789ceb47b24dfcef1cfd5f1ff83f592160","verified"
"14-主流开源模型全景解析与技术报告精读/14.1-DeepSeek/04-DeepSeek-Coder-V2/images/longcontext.pdf","_sources/model-reports/deepseek/deepseek-coder-v2/images/longcontext.pdf","27527","f3a2bbb84fcbfd12cebb8c44e67b8cc0a1eefbd63706f51f4c8ea0f0633486f4","verified"
"14-主流开源模型全景解析与技术报告精读/14.1-DeepSeek/04-DeepSeek-Coder-V2/images/performance.pdf","_sources/model-reports/deepseek/deepseek-coder-v2/images/performance.pdf","30191","57e204df8638efc4652e4ff55d88a7283bd70c8c7224e169541e447d2a77367d","verified"
"14-主流开源模型全景解析与技术报告精读/14.1-DeepSeek/04-DeepSeek-Coder-V2/images/PLT.png","_sources/model-reports/deepseek/deepseek-coder-v2/images/PLT.png","700199","2b58d66dc6c76945089c23988a5c38219490f79739bcbb9beae149e7dcb3ac7b","verified"
"14-主流开源模型全景解析与技术报告精读/14.1-DeepSeek/04-DeepSeek-Coder-V2/images/rl.pdf","_sources/model-reports/deepseek/deepseek-coder-v2/images/rl.pdf","15951","0e27cdfb39cfccb20b6da5a1bdd4135210bdd7924cc7f2a298f36af70ef6c33a","verified"
"14-主流开源模型全景解析与技术报告精读/14.1-DeepSeek/04-DeepSeek-Coder-V2/images/rl.png","_sources/model-reports/deepseek/deepseek-coder-v2/images/rl.png","123160","923e4c21ca4e9e7179864582e3b494bd7ba98ac5e00d1c49041c277a4d9af8d7","verified"
"14-主流开源模型全景解析与技术报告精读/14.1-DeepSeek/04-DeepSeek-Coder-V2/images/unused_01.jpg","_sources/model-reports/deepseek/deepseek-coder-v2/images/unused_01.jpg","11510","fc66588f96dbfe821ef57fec29cc31d7f3979c7bbbccb9447cedbe1d21310fd6","verified"
"14-主流开源模型全景解析与技术报告精读/14.1-DeepSeek/04-DeepSeek-Coder-V2/images/unused_02.jpg","_sources/model-reports/deepseek/deepseek-coder-v2/images/unused_02.jpg","41368","0fe87259ed75275bfa4ad0a14c0f55ce7a8e040e1aa5a1fa68e24ce623d38226","verified"
"14-主流开源模型全景解析与技术报告精读/14.1-DeepSeek/04-DeepSeek-Coder-V2/images/unused_03.jpg","_sources/model-reports/deepseek/deepseek-coder-v2/images/unused_03.jpg","42654","e31785e36eb2ea34e977e920ef2fe0064ae55cfdf10e3bf66f4dd944a4924860","verified"
"14-主流开源模型全景解析与技术报告精读/14.1-DeepSeek/04-DeepSeek-Coder-V2/images/unused_04.jpg","_sources/model-reports/deepseek/deepseek-coder-v2/images/unused_04.jpg","70552","f9aa1724f3cd96fb6c9f100df9d5144f959ca304a15eb4c36a321c125eb514e4","verified"
"14-主流开源模型全景解析与技术报告精读/14.1-DeepSeek/04-DeepSeek-Coder-V2/images/unused_05.jpg","_sources/model-reports/deepseek/deepseek-coder-v2/images/unused_05.jpg","77009","91c5ef42948387d034266eb7a7fbc6c355665590a5e8086beb4937153aaae468","verified"
"14-主流开源模型全景解析与技术报告精读/14.1-DeepSeek/04-DeepSeek-Coder-V2/images/unused_06.jpg","_sources/model-reports/deepseek/deepseek-coder-v2/images/unused_06.jpg","77399","30199715006e3d76a993f10661dac841815dd1e014c98842054c83f141d01c86","verified"
"14-主流开源模型全景解析与技术报告精读/14.1-DeepSeek/04-DeepSeek-Coder-V2/images/unused_07.jpg","_sources/model-reports/deepseek/deepseek-coder-v2/images/unused_07.jpg","85480","2cab101ff4dbd79410b85747b3e16a243c23b42a7272c60f3825829a45d09c69","verified"
"14-主流开源模型全景解析与技术报告精读/14.1-DeepSeek/04-DeepSeek-Coder-V2/images/unused_08.jpg","_sources/model-reports/deepseek/deepseek-coder-v2/images/unused_08.jpg","92452","3e174d1fca853481d8e95c03925f8ca0267484140050d9c8697786b0a54401ca","verified"
"14-主流开源模型全景解析与技术报告精读/14.1-DeepSeek/04-DeepSeek-Coder-V2/images/unused_09.jpg","_sources/model-reports/deepseek/deepseek-coder-v2/images/unused_09.jpg","98774","b123175eb6a16cd6754507c3853bd298eaaa7df1192cf8dc2682089ed64b6abb","verified"
"14-主流开源模型全景解析与技术报告精读/14.1-DeepSeek/04-DeepSeek-Coder-V2/images/unused_10.jpg","_sources/model-reports/deepseek/deepseek-coder-v2/images/unused_10.jpg","103113","d0888a0c01ed5f215f8a414c13f7800c61734a1deb12657704b0fb50c073a93a","verified"
"14-主流开源模型全景解析与技术报告精读/14.1-DeepSeek/04-DeepSeek-Coder-V2/images/unused_11.jpg","_sources/model-reports/deepseek/deepseek-coder-v2/images/unused_11.jpg","229483","d3a20e183a3ee0cb8cdf3a8f9da066ff1f50a1f8d2ecee52102a713ff730fc52","verified"
"14-主流开源模型全景解析与技术报告精读/14.1-DeepSeek/04-DeepSeek-Coder-V2/pdfs/DeepSeek-Coder-V2-Technical-Report.pdf","_sources/model-reports/deepseek/deepseek-coder-v2/pdfs/DeepSeek-Coder-V2-Technical-Report.pdf","396316","de4e77c86e6320ff0974aac3825133540fa7ddc31da79e0d8a353dc6264549a3","verified"
"14-主流开源模型全景解析与技术报告精读/14.1-DeepSeek/05-DeepSeek-V3/images/0144a111f7722eb62fdb721380cbf11b6dcce31e2dce65d6cfcc12bbfb2f82c7.jpg","_sources/model-reports/deepseek/deepseek-v3/images/0144a111f7722eb62fdb721380cbf11b6dcce31e2dce65d6cfcc12bbfb2f82c7.jpg","34475","f522e3d1a5f3cefa2c408865e0b10f4571b972a8c99cc63aa16607e0ed1ec600","verified"
"14-主流开源模型全景解析与技术报告精读/14.1-DeepSeek/05-DeepSeek-V3/images/01ccb1016a8709f5ef79d2da3ed44bf2229482b615f3006f23d8d2e12de045dd.jpg","_sources/model-reports/deepseek/deepseek-v3/images/01ccb1016a8709f5ef79d2da3ed44bf2229482b615f3006f23d8d2e12de045dd.jpg","9616","b0eb8ac67b67a6d0b0ebb23eb22a0bbd702d1c19b6cdfc514b3db399f33bec93","verified"
"14-主流开源模型全景解析与技术报告精读/14.1-DeepSeek/05-DeepSeek-V3/images/0695a01697365af26296951e0ac18a83e387fcae425b8660ab762e5f2ded9015.jpg","_sources/model-reports/deepseek/deepseek-v3/images/0695a01697365af26296951e0ac18a83e387fcae425b8660ab762e5f2ded9015.jpg","23503","0774abe199a373d72233ec6546aab1f3fea6aa413c07adaf4466e7272ad10f15","verified"
"14-主流开源模型全景解析与技术报告精读/14.1-DeepSeek/05-DeepSeek-V3/images/06f72842f2ed5774388f2353cb18b56038415c32a8f01d8414839cfb8d11eb6e.jpg","_sources/model-reports/deepseek/deepseek-v3/images/06f72842f2ed5774388f2353cb18b56038415c32a8f01d8414839cfb8d11eb6e.jpg","297332","db218fa1fb04cb9022aee7b2eddb5fda51a02dc4314e4e3e81556f2af4ae99ed","verified"
"14-主流开源模型全景解析与技术报告精读/14.1-DeepSeek/05-DeepSeek-V3/images/091338d725c4fc90e3c9b935dd46f815b4daf228a9553c20a648796920f5745e.jpg","_sources/model-reports/deepseek/deepseek-v3/images/091338d725c4fc90e3c9b935dd46f815b4daf228a9553c20a648796920f5745e.jpg","24165","fc034df88b35fddbd0b2fe7dcaaa82d4641bd3b5eeebd8c3c5ffd8f06d0bd6b1","verified"
"14-主流开源模型全景解析与技术报告精读/14.1-DeepSeek/05-DeepSeek-V3/images/0c5e1ce48ffce770504ea567d4fef5a33c543d1aa5e63aa6a759f2ec33697ee5.jpg","_sources/model-reports/deepseek/deepseek-v3/images/0c5e1ce48ffce770504ea567d4fef5a33c543d1aa5e63aa6a759f2ec33697ee5.jpg","33135","b95ba794534a4a5ad85c8687490e96d6f10c8971792515e4b28e41be25f74b8f","verified"
"14-主流开源模型全景解析与技术报告精读/14.1-DeepSeek/05-DeepSeek-V3/images/0e8e8bcad493b4dd378e088245c9f609cf4592dab3bbf68d9f9cc4accb8e9a01.jpg","_sources/model-reports/deepseek/deepseek-v3/images/0e8e8bcad493b4dd378e088245c9f609cf4592dab3bbf68d9f9cc4accb8e9a01.jpg","25910","59ec94475ecfc2ebfac2157d7ffb9c05bdf6f20dc951012754f4a5b3e7d5d541","verified"
"14-主流开源模型全景解析与技术报告精读/14.1-DeepSeek/05-DeepSeek-V3/images/10cf8da147e5b6cb6a297fb9f03e2888e416d5e703b7ee96a19301a21b162ae5.jpg","_sources/model-reports/deepseek/deepseek-v3/images/10cf8da147e5b6cb6a297fb9f03e2888e416d5e703b7ee96a19301a21b162ae5.jpg","34456","dc1ce6f0d3956f313af030f66efdb731c77e82cc575e6b07e6480743abdcc063","verified"
"14-主流开源模型全景解析与技术报告精读/14.1-DeepSeek/05-DeepSeek-V3/images/12029de4bac3bf8d817bd79675f1643133ed1c102a133e8852617a50ded79214.jpg","_sources/model-reports/deepseek/deepseek-v3/images/12029de4bac3bf8d817bd79675f1643133ed1c102a133e8852617a50ded79214.jpg","23196","2d14cb2bb20b8cfaff26e5f47ac86310f9543e17d8d61154b636732594181021","verified"
"14-主流开源模型全景解析与技术报告精读/14.1-DeepSeek/05-DeepSeek-V3/images/120acdbd421d27ad1fc99f005ae279b9f3f4e77476bc7901d0b1bfcef02b748c.jpg","_sources/model-reports/deepseek/deepseek-v3/images/120acdbd421d27ad1fc99f005ae279b9f3f4e77476bc7901d0b1bfcef02b748c.jpg","26336","10418a13d1a2e11e0d8bdae07546abad73d5597514158f0d1a36dfb57cd92840","verified"
"14-主流开源模型全景解析与技术报告精读/14.1-DeepSeek/05-DeepSeek-V3/images/16d3d6dcae77e83661438c464b1deff8b2ca93a26a4522f59b3d3c5e7c1a8e03.jpg","_sources/model-reports/deepseek/deepseek-v3/images/16d3d6dcae77e83661438c464b1deff8b2ca93a26a4522f59b3d3c5e7c1a8e03.jpg","107006","87f36ccd0b7cd9e568fc90bd3cea4f790d6b7114394e91219666caef586ba9f8","verified"
"14-主流开源模型全景解析与技术报告精读/14.1-DeepSeek/05-DeepSeek-V3/images/1c3cea2ceb9dc434aa2eb4f843e3b4bb37852b399ea5c0e7a651820d8be5bf33.jpg","_sources/model-reports/deepseek/deepseek-v3/images/1c3cea2ceb9dc434aa2eb4f843e3b4bb37852b399ea5c0e7a651820d8be5bf33.jpg","23184","59134718e10747b229d4d7198dadb971ff0d8cedbd1f5e5ae69e2cc9ab00b2de","verified"
"14-主流开源模型全景解析与技术报告精读/14.1-DeepSeek/05-DeepSeek-V3/images/1c445a3d67c85880883093723c9e3c9ddc62e83ff9f4eb4caddc71d26cf065ce.jpg","_sources/model-reports/deepseek/deepseek-v3/images/1c445a3d67c85880883093723c9e3c9ddc62e83ff9f4eb4caddc71d26cf065ce.jpg","22945","d787f7ac0b6487b21a9c85429bd9aa1f9da8013651ca4ead53a06b8e40427a7e","verified"
"14-主流开源模型全景解析与技术报告精读/14.1-DeepSeek/05-DeepSeek-V3/images/27b9a26d5b9b0ec4291add381a132c237d9b6e60695f27f7fe0b30a6a8d431b7.jpg","_sources/model-reports/deepseek/deepseek-v3/images/27b9a26d5b9b0ec4291add381a132c237d9b6e60695f27f7fe0b30a6a8d431b7.jpg","8386","2ed9610480385c49d7664ec6ff6263a122e7609fcc768157876a700132e83075","verified"
"14-主流开源模型全景解析与技术报告精读/14.1-DeepSeek/05-DeepSeek-V3/images/29f9a617c05c991c3a245c9a1d2d8a171a01f683646f5c4f117178561beaea26.jpg","_sources/model-reports/deepseek/deepseek-v3/images/29f9a617c05c991c3a245c9a1d2d8a171a01f683646f5c4f117178561beaea26.jpg","26078","db63b0785d4b0a1b6cc30ddec9800b88a8c5a986119c1ba129343ecb47d41c53","verified"
"14-主流开源模型全景解析与技术报告精读/14.1-DeepSeek/05-DeepSeek-V3/images/2a69449a26ad4b1e608808021386b84da0cee7c85fbc43984875d4882b31e80f.jpg","_sources/model-reports/deepseek/deepseek-v3/images/2a69449a26ad4b1e608808021386b84da0cee7c85fbc43984875d4882b31e80f.jpg","4681","6dc320b560faaa969a6987b2888540885963550e3f619f60c3b3adb0a149cbc4","verified"
"14-主流开源模型全景解析与技术报告精读/14.1-DeepSeek/05-DeepSeek-V3/images/2cfd4798a1e1f2185ed8aae02e74dca890cf5dc97361e243e2e2001cb43ad9bc.jpg","_sources/model-reports/deepseek/deepseek-v3/images/2cfd4798a1e1f2185ed8aae02e74dca890cf5dc97361e243e2e2001cb43ad9bc.jpg","25513","0dd1cdf0f203ac3fe79262e9d1492474b287548c6fe9b4c7d6f7b323b7612e22","verified"
"14-主流开源模型全景解析与技术报告精读/14.1-DeepSeek/05-DeepSeek-V3/images/2fc28472b9fcc7a5e363d08c1b3e3741c27552ec6bf0e795ad1f44bc027ec6c2.jpg","_sources/model-reports/deepseek/deepseek-v3/images/2fc28472b9fcc7a5e363d08c1b3e3741c27552ec6bf0e795ad1f44bc027ec6c2.jpg","66828","13ebd4a3fabe6ea7924263a0054dd68d39dc61afe15ca028a0d01638d7276daf","verified"
"14-主流开源模型全景解析与技术报告精读/14.1-DeepSeek/05-DeepSeek-V3/images/30fd1828b4152c9402c983e9fe39feb5ea963fec19a1e4e65b482193c7888ff3.jpg","_sources/model-reports/deepseek/deepseek-v3/images/30fd1828b4152c9402c983e9fe39feb5ea963fec19a1e4e65b482193c7888ff3.jpg","26275","23b0d2886776e2eb4ddc1deb63d615494cdf318ccf0ecebdd00803b932cbbb29","verified"
"14-主流开源模型全景解析与技术报告精读/14.1-DeepSeek/05-DeepSeek-V3/images/315db83372a6fedb164f9638fcc47a1bd4db6ea09a6df132471271405aab008d.jpg","_sources/model-reports/deepseek/deepseek-v3/images/315db83372a6fedb164f9638fcc47a1bd4db6ea09a6df132471271405aab008d.jpg","9530","3daaab13dcd0853fa0588f715c546a937cc54ae4adab3501013f1d88130c5b3f","verified"
"14-主流开源模型全景解析与技术报告精读/14.1-DeepSeek/05-DeepSeek-V3/images/31d1a955cfcc9a8c917325d6b3670eec17cfa7e008f07daca5e5075e558ed6cf.jpg","_sources/model-reports/deepseek/deepseek-v3/images/31d1a955cfcc9a8c917325d6b3670eec17cfa7e008f07daca5e5075e558ed6cf.jpg","69670","a312e7cfd869e62894d6f2c31d0fbf1acce549b5d047a2b576e3cd6491fbef43","verified"
"14-主流开源模型全景解析与技术报告精读/14.1-DeepSeek/05-DeepSeek-V3/images/34184f72d26f05b4ff6a81c5356f1399fc74308d4a02e7b54d16891863729036.jpg","_sources/model-reports/deepseek/deepseek-v3/images/34184f72d26f05b4ff6a81c5356f1399fc74308d4a02e7b54d16891863729036.jpg","197260","2f825818c59c37ca1f89e9bbd56e4d08c9f0b62244aff7b4feb1fbbd967ec86c","verified"
"14-主流开源模型全景解析与技术报告精读/14.1-DeepSeek/05-DeepSeek-V3/images/3458f6b05bec093d6d9d169776182e486a9c3c56de2dbed472c5af64de73bd89.jpg","_sources/model-reports/deepseek/deepseek-v3/images/3458f6b05bec093d6d9d169776182e486a9c3c56de2dbed472c5af64de73bd89.jpg","25327","ada40b3acf74ec4718e022c5e33d04664a5876ace5de1c6062f106b170f6c3f5","verified"
"14-主流开源模型全景解析与技术报告精读/14.1-DeepSeek/05-DeepSeek-V3/images/3582818e9e860bf74e91a50c9055a994be4308205ab38d6072d9c136dcf0d339.jpg","_sources/model-reports/deepseek/deepseek-v3/images/3582818e9e860bf74e91a50c9055a994be4308205ab38d6072d9c136dcf0d339.jpg","296926","54bfed24ff8ff6f07961098201a9196d91827fc7bfabdb427133f5d43d5b6648","verified"
"14-主流开源模型全景解析与技术报告精读/14.1-DeepSeek/05-DeepSeek-V3/images/36c5e154b8cf4ec15bfd74c0c903036f5919dec060b0e88571fcd4e8a074734a.jpg","_sources/model-reports/deepseek/deepseek-v3/images/36c5e154b8cf4ec15bfd74c0c903036f5919dec060b0e88571fcd4e8a074734a.jpg","23322","695431aca5d873260e82a4f4f90c60cf774d2b8d8c6dc0bb7456acc04bf2d5f5","verified"
"14-主流开源模型全景解析与技术报告精读/14.1-DeepSeek/05-DeepSeek-V3/images/375dbb0cdb44dd5d5dfd10b685393c84e47a11c22d9340478adf63d675b9cd39.jpg","_sources/model-reports/deepseek/deepseek-v3/images/375dbb0cdb44dd5d5dfd10b685393c84e47a11c22d9340478adf63d675b9cd39.jpg","46771","490ecb195dc41fa9e198c5c1b44571ac540c022dfdb984e8b5a8f76597a6bc09","verified"
"14-主流开源模型全景解析与技术报告精读/14.1-DeepSeek/05-DeepSeek-V3/images/37968264a724a0ca48672425a02296f712c9e83bc43fcf713791ba9ef78e1ea0.jpg","_sources/model-reports/deepseek/deepseek-v3/images/37968264a724a0ca48672425a02296f712c9e83bc43fcf713791ba9ef78e1ea0.jpg","25554","e96baefada25bc1a72b6f33e52a45f771f62f0b10031d0c98b0e934a09939285","verified"
"14-主流开源模型全景解析与技术报告精读/14.1-DeepSeek/05-DeepSeek-V3/images/389032fd2274d9871a4fc36440f6255f1dfdc837713c2844c48bde39ee1ff78c.jpg","_sources/model-reports/deepseek/deepseek-v3/images/389032fd2274d9871a4fc36440f6255f1dfdc837713c2844c48bde39ee1ff78c.jpg","24617","82212adcd581d7158fc56709b5cb330ae8487296ff5d151b455cac3afaa2ff1b","verified"
"14-主流开源模型全景解析与技术报告精读/14.1-DeepSeek/05-DeepSeek-V3/images/39ac4b97ad9a8e71fc22362b495b629a93a6f38d6077bd6e582de52d713b1910.jpg","_sources/model-reports/deepseek/deepseek-v3/images/39ac4b97ad9a8e71fc22362b495b629a93a6f38d6077bd6e582de52d713b1910.jpg","24210","c6cdcc5995dd12d0633bfa0bae4b0459ffe618aa3255467909bbb74576bb24d8","verified"
"14-主流开源模型全景解析与技术报告精读/14.1-DeepSeek/05-DeepSeek-V3/images/3e90f480a2034f6840fd278480d0cbd86f89d4fb6dd9d21863c5ae5963c125c0.jpg","_sources/model-reports/deepseek/deepseek-v3/images/3e90f480a2034f6840fd278480d0cbd86f89d4fb6dd9d21863c5ae5963c125c0.jpg","34372","c6045d6bf9ec7d05f2bc760c38c165ca571381452c24ed806f10df2931ed4bc0","verified"
"14-主流开源模型全景解析与技术报告精读/14.1-DeepSeek/05-DeepSeek-V3/images/403185008510e525baf34905bac3ae3733881829b62238d43dc4018578d9ff76.jpg","_sources/model-reports/deepseek/deepseek-v3/images/403185008510e525baf34905bac3ae3733881829b62238d43dc4018578d9ff76.jpg","37648","5119a97967e9e75ef1c954d42f15ee505b8e72df23ac1bed7043ed353b285051","verified"
"14-主流开源模型全景解析与技术报告精读/14.1-DeepSeek/05-DeepSeek-V3/images/420b0fdffe4983ee54d10b08ec5dea69f6bf828d67e88fded69be7c5db343297.jpg","_sources/model-reports/deepseek/deepseek-v3/images/420b0fdffe4983ee54d10b08ec5dea69f6bf828d67e88fded69be7c5db343297.jpg","25636","e077dd70d50c359ee7e5a6f0e07058a78c97c86b288ccfdb3efa30adf24c6417","verified"
"14-主流开源模型全景解析与技术报告精读/14.1-DeepSeek/05-DeepSeek-V3/images/44a1e6de4918ffc7573f58da7345b09ffe7b78b2f87c34f96eba1a0f0ef06824.jpg","_sources/model-reports/deepseek/deepseek-v3/images/44a1e6de4918ffc7573f58da7345b09ffe7b78b2f87c34f96eba1a0f0ef06824.jpg","4957","a0dea8e8e1f3b20e24a36967d9896f355102c19dcc895c899d5f0dc8a8dc00e7","verified"
"14-主流开源模型全景解析与技术报告精读/14.1-DeepSeek/05-DeepSeek-V3/images/47020ba0638c64e249baeae64930230574a4cc94c05abb8cf254c55237863041.jpg","_sources/model-reports/deepseek/deepseek-v3/images/47020ba0638c64e249baeae64930230574a4cc94c05abb8cf254c55237863041.jpg","160196","a5d9f99bed5abdb36e76fbd086a0678b329de1acfb7ea2e5cf29b897d2e802f8","verified"
"14-主流开源模型全景解析与技术报告精读/14.1-DeepSeek/05-DeepSeek-V3/images/4fd5399574a67ca52edf0ef083b3a02584855fa4aa04548b8b99c106c176eb7a.jpg","_sources/model-reports/deepseek/deepseek-v3/images/4fd5399574a67ca52edf0ef083b3a02584855fa4aa04548b8b99c106c176eb7a.jpg","6477","3c5a2ec1d2584162b7823249c2b642412933d84b689237fe710d96f7288e7066","verified"
"14-主流开源模型全景解析与技术报告精读/14.1-DeepSeek/05-DeepSeek-V3/images/5134c9517c79109ea39eee468316082024dfb2cc009bda84f24fbbbf9724f250.jpg","_sources/model-reports/deepseek/deepseek-v3/images/5134c9517c79109ea39eee468316082024dfb2cc009bda84f24fbbbf9724f250.jpg","9272","8c5798d9a43cb09b2a51b1b24d42a8af9baf0420002875398280d655723b8528","verified"
"14-主流开源模型全景解析与技术报告精读/14.1-DeepSeek/05-DeepSeek-V3/images/51d885f7f12777e8f8a664b568004849f90589aa15c9eae94322fbf3df7e94e1.jpg","_sources/model-reports/deepseek/deepseek-v3/images/51d885f7f12777e8f8a664b568004849f90589aa15c9eae94322fbf3df7e94e1.jpg","26081","2e7b9c8b1ee5380c4448fdfdafba297c0c88243c78abba99894cdb847461a982","verified"
"14-主流开源模型全景解析与技术报告精读/14.1-DeepSeek/05-DeepSeek-V3/images/53cca40340905f0b1d3953e4172da4125feb1d33bbc74750c42f160d110e9f84.jpg","_sources/model-reports/deepseek/deepseek-v3/images/53cca40340905f0b1d3953e4172da4125feb1d33bbc74750c42f160d110e9f84.jpg","23079","76d44f2aee5bf2be69c72c755b0bed7e76e751a9f60cabd5e8c7671cfba2f27c","verified"
"14-主流开源模型全景解析与技术报告精读/14.1-DeepSeek/05-DeepSeek-V3/images/56808c12f4ecbb0fbe64e7573791f8b6343dad93702aec9c3aa56993bce8bf98.jpg","_sources/model-reports/deepseek/deepseek-v3/images/56808c12f4ecbb0fbe64e7573791f8b6343dad93702aec9c3aa56993bce8bf98.jpg","5221","00596d77fe43d1acb1073dd56357d20ac569288ef3de876164a62d024bf66f7e","verified"
"14-主流开源模型全景解析与技术报告精读/14.1-DeepSeek/05-DeepSeek-V3/images/578ff7d5cdd49f19127035965caae6f437201154cf9ddd4f817886b3b653b019.jpg","_sources/model-reports/deepseek/deepseek-v3/images/578ff7d5cdd49f19127035965caae6f437201154cf9ddd4f817886b3b653b019.jpg","22893","eaba4a05a7fbe7318fa310f09298ba6c9d5299f5e8f9d5cfc26e5d8426415c7e","verified"
"14-主流开源模型全景解析与技术报告精读/14.1-DeepSeek/05-DeepSeek-V3/images/5b86e0c1fcd610524760e2ddda3f11916acb6a2da284d839987e3bb334bdce77.jpg","_sources/model-reports/deepseek/deepseek-v3/images/5b86e0c1fcd610524760e2ddda3f11916acb6a2da284d839987e3bb334bdce77.jpg","3075","432bcfdf68594483afd9243b887acfe6aa8864ad9b9efcc1b6c9de804cf6a90a","verified"
"14-主流开源模型全景解析与技术报告精读/14.1-DeepSeek/05-DeepSeek-V3/images/5d281b42d00a3de7324e117f6af8227f70272c311c2cd58093b69599ed16c2ba.jpg","_sources/model-reports/deepseek/deepseek-v3/images/5d281b42d00a3de7324e117f6af8227f70272c311c2cd58093b69599ed16c2ba.jpg","17787","cc582708030884fe97933acdcb420efd33cfe94f3b4297ab72d67d95fdb4c3f6","verified"
"14-主流开源模型全景解析与技术报告精读/14.1-DeepSeek/05-DeepSeek-V3/images/5d4f38c9a917aaaf27379c16471cc1fae9f3f22df2b6ae514f00187aabcca561.jpg","_sources/model-reports/deepseek/deepseek-v3/images/5d4f38c9a917aaaf27379c16471cc1fae9f3f22df2b6ae514f00187aabcca561.jpg","23603","f6421153ee0039c5035ddaed02287bd066e8b53c19ea43bddc25ba6d4d5bce98","verified"
"14-主流开源模型全景解析与技术报告精读/14.1-DeepSeek/05-DeepSeek-V3/images/5f65742eaa01293904682160c320519f82c1b1d1aa1375d4be9207b5e7e3a796.jpg","_sources/model-reports/deepseek/deepseek-v3/images/5f65742eaa01293904682160c320519f82c1b1d1aa1375d4be9207b5e7e3a796.jpg","24491","fd7a23bd139121b5f8ac5db0398d4bd52942c0a41bf5e8f52402cfac8b9159e2","verified"
"14-主流开源模型全景解析与技术报告精读/14.1-DeepSeek/05-DeepSeek-V3/images/60d1895b20b5abd8ac34eb580a2e06be1c6f9ece2399eca685ef42063ba9dfeb.jpg","_sources/model-reports/deepseek/deepseek-v3/images/60d1895b20b5abd8ac34eb580a2e06be1c6f9ece2399eca685ef42063ba9dfeb.jpg","90632","a1d79cec14d26286c88bad4219b7e9ccc4a9e15c58ad72dd561c4b2195b56646","verified"
"14-主流开源模型全景解析与技术报告精读/14.1-DeepSeek/05-DeepSeek-V3/images/63d0eda1238e3160864ca93ede2b6a10304555636cbf4bfc327ba776430e4b4f.jpg","_sources/model-reports/deepseek/deepseek-v3/images/63d0eda1238e3160864ca93ede2b6a10304555636cbf4bfc327ba776430e4b4f.jpg","33857","6c8d014bb30e5c136180e5c48be3fb41b33d6236ef36c46fa2a7c43f4d09f663","verified"
"14-主流开源模型全景解析与技术报告精读/14.1-DeepSeek/05-DeepSeek-V3/images/64340e402255e5ba937f355be3bde43ef083dbb9533c86675ed4680b9615f5bf.jpg","_sources/model-reports/deepseek/deepseek-v3/images/64340e402255e5ba937f355be3bde43ef083dbb9533c86675ed4680b9615f5bf.jpg","6062","c8f9871e54bb9750ddeabe326b586c4bb7807df50145c3f2137dcdb416ac4173","verified"
"14-主流开源模型全景解析与技术报告精读/14.1-DeepSeek/05-DeepSeek-V3/images/66b66f64a52523c52502fb6857b85a0000a88ad611ff1c231f9a9ec8e2a43594.jpg","_sources/model-reports/deepseek/deepseek-v3/images/66b66f64a52523c52502fb6857b85a0000a88ad611ff1c231f9a9ec8e2a43594.jpg","34384","0ac8197a6bf4baff4483622ecaff0cb2d7d3451f8151568fddfc0a83d07aabe9","verified"
"14-主流开源模型全景解析与技术报告精读/14.1-DeepSeek/05-DeepSeek-V3/images/6cc489d64951dd5f0cfd1faf0c849f064c3426080611339c8adafd9cccf54cc6.jpg","_sources/model-reports/deepseek/deepseek-v3/images/6cc489d64951dd5f0cfd1faf0c849f064c3426080611339c8adafd9cccf54cc6.jpg","3784","00c85d73f7757e3922dfa6dee11ad46f5056dd5b818034b2598643f5280981e2","verified"
"14-主流开源模型全景解析与技术报告精读/14.1-DeepSeek/05-DeepSeek-V3/images/6e7fede10f4e26581204c1512ef47fccd558e3eacff569bd86fad6d9e439c087.jpg","_sources/model-reports/deepseek/deepseek-v3/images/6e7fede10f4e26581204c1512ef47fccd558e3eacff569bd86fad6d9e439c087.jpg","23745","d748c38e744f76f36689fbb6601d84a161f2164787fc45e763340c0235e347fe","verified"
"14-主流开源模型全景解析与技术报告精读/14.1-DeepSeek/05-DeepSeek-V3/images/6ec51b2d26d4e8722c07f16d63b0fdcae24032ee6a28186d3f969fb9a3c5de04.jpg","_sources/model-reports/deepseek/deepseek-v3/images/6ec51b2d26d4e8722c07f16d63b0fdcae24032ee6a28186d3f969fb9a3c5de04.jpg","18731","720013c0228ffa41bb5de34176425361f8022ea77ac43ced43d5da88f1e37124","verified"
"14-主流开源模型全景解析与技术报告精读/14.1-DeepSeek/05-DeepSeek-V3/images/70ce47b7f3651977c1d1c9e31eef415923f4c0fecd06c6357eb5359629e53b9b.jpg","_sources/model-reports/deepseek/deepseek-v3/images/70ce47b7f3651977c1d1c9e31eef415923f4c0fecd06c6357eb5359629e53b9b.jpg","9781","5c1454c12cd82b3c20184478a9b0a25b8d142977928d15644b423ea03c4c1e13","verified"
"14-主流开源模型全景解析与技术报告精读/14.1-DeepSeek/05-DeepSeek-V3/images/77adc39cc1a9f1683e4161c66db85292b53a58f4cb18a6a4ea4e8124775fe9fa.jpg","_sources/model-reports/deepseek/deepseek-v3/images/77adc39cc1a9f1683e4161c66db85292b53a58f4cb18a6a4ea4e8124775fe9fa.jpg","23643","51cdb2b91587550d16cd0eaa2f09afccf062fe7a4eeb63361bfc6543758c544f","verified"
"14-主流开源模型全景解析与技术报告精读/14.1-DeepSeek/05-DeepSeek-V3/images/77b551dbb48c2621950516b8a201b516d67a318ec23923d6eb646f1e70687529.jpg","_sources/model-reports/deepseek/deepseek-v3/images/77b551dbb48c2621950516b8a201b516d67a318ec23923d6eb646f1e70687529.jpg","99300","e8968c586f1df32d070d2f3efd3e5b19ec5ef494a070f7927f0eb83c0e853d3e","verified"
"14-主流开源模型全景解析与技术报告精读/14.1-DeepSeek/05-DeepSeek-V3/images/7c4447e943a19fb9222b86a073a898c26fcd11492bddab7e88a68bab96db8611.jpg","_sources/model-reports/deepseek/deepseek-v3/images/7c4447e943a19fb9222b86a073a898c26fcd11492bddab7e88a68bab96db8611.jpg","103072","a3a18ebc263958e4a8939dc90ccb71f87df162fc855ae78c2aa0d2b3fc46632b","verified"
"14-主流开源模型全景解析与技术报告精读/14.1-DeepSeek/05-DeepSeek-V3/images/858262a97a7870bb75ba1f17d102249c380ad229e1973c41d36362450f19dccb.jpg","_sources/model-reports/deepseek/deepseek-v3/images/858262a97a7870bb75ba1f17d102249c380ad229e1973c41d36362450f19dccb.jpg","22566","726fb5742ca7fd2b19e3c4ff03fd06c9d1e0e2eb2add497995744c08ada61655","verified"
"14-主流开源模型全景解析与技术报告精读/14.1-DeepSeek/05-DeepSeek-V3/images/8ec4e4dae0053436085baf93274e71c0767d7105e1e3870408c9eddb7b52d9c0.jpg","_sources/model-reports/deepseek/deepseek-v3/images/8ec4e4dae0053436085baf93274e71c0767d7105e1e3870408c9eddb7b52d9c0.jpg","106529","03f22683bc59a4c5d68d5eeafeade087cf7af17bbd0423d0f85a1f8701ec85b2","verified"
"14-主流开源模型全景解析与技术报告精读/14.1-DeepSeek/05-DeepSeek-V3/images/93e7c1ebba86544b7d16987acd91957a3bbf78dca9a160eb8c99444d1832765b.jpg","_sources/model-reports/deepseek/deepseek-v3/images/93e7c1ebba86544b7d16987acd91957a3bbf78dca9a160eb8c99444d1832765b.jpg","10751","8d99470819e592a02c1384bcb4e760a27c94fca8b8d3dcad3df348e85bd5c5ab","verified"
"14-主流开源模型全景解析与技术报告精读/14.1-DeepSeek/05-DeepSeek-V3/images/9a003dc4e00315971dbb7281c6df673b9681be5432a6cc9b2df92e3e7685a2ea.jpg","_sources/model-reports/deepseek/deepseek-v3/images/9a003dc4e00315971dbb7281c6df673b9681be5432a6cc9b2df92e3e7685a2ea.jpg","3873","3c0b3f4032e612d060c4f40629d521b2b703d580b78ad89e9af3aae12eada902","verified"
"14-主流开源模型全景解析与技术报告精读/14.1-DeepSeek/05-DeepSeek-V3/images/9ae8e0cd0fe5d50a7153b34017f05874dcb1d4417df4b06f1eff5c0721692bdd.jpg","_sources/model-reports/deepseek/deepseek-v3/images/9ae8e0cd0fe5d50a7153b34017f05874dcb1d4417df4b06f1eff5c0721692bdd.jpg","295455","68baed07dd0193df2aae06b9f1f364bf283c6ad4e66565a5d190a4f334f16a95","verified"
"14-主流开源模型全景解析与技术报告精读/14.1-DeepSeek/05-DeepSeek-V3/images/9bbe79419487da5feb7202e85121546ccfd9fb8cfb95ce0980473929303bc146.jpg","_sources/model-reports/deepseek/deepseek-v3/images/9bbe79419487da5feb7202e85121546ccfd9fb8cfb95ce0980473929303bc146.jpg","296445","e6217d97cb28c124207350195fb018999850c1372b6053ecaf1a47996084f557","verified"
"14-主流开源模型全景解析与技术报告精读/14.1-DeepSeek/05-DeepSeek-V3/images/9e2f4c051b269f782381c971be237ec4ef826d44890eaebf6545bbb06886c7c8.jpg","_sources/model-reports/deepseek/deepseek-v3/images/9e2f4c051b269f782381c971be237ec4ef826d44890eaebf6545bbb06886c7c8.jpg","5692","d4bd91aa3b077d4ca30814969ebb6ba587b51fc990cb223818e02c2842d1e6f7","verified"
"14-主流开源模型全景解析与技术报告精读/14.1-DeepSeek/05-DeepSeek-V3/images/9f7835ca29e81163fd2a71186c87e1c43059c79bc82c0e6a28896897463e1979.jpg","_sources/model-reports/deepseek/deepseek-v3/images/9f7835ca29e81163fd2a71186c87e1c43059c79bc82c0e6a28896897463e1979.jpg","22611","5e1033b1dfd79d09c88156373c403039400a17149ad59c053060647a762fcb92","verified"
"14-主流开源模型全景解析与技术报告精读/14.1-DeepSeek/05-DeepSeek-V3/images/a0271991a2f442014c642dd869d0f4a2aae34c9b5592b01c64707b449c3b6c06.jpg","_sources/model-reports/deepseek/deepseek-v3/images/a0271991a2f442014c642dd869d0f4a2aae34c9b5592b01c64707b449c3b6c06.jpg","25047","2fabf036adb65a92446fc0a68cc762064a791e3bdcd631fed3db75ef24740d41","verified"
"14-主流开源模型全景解析与技术报告精读/14.1-DeepSeek/05-DeepSeek-V3/images/a10651339fa618b42bb46c03198f1363254e2488789dfed7b0ef063297542a97.jpg","_sources/model-reports/deepseek/deepseek-v3/images/a10651339fa618b42bb46c03198f1363254e2488789dfed7b0ef063297542a97.jpg","24072","95ac471baa955fe297def45bc20acbb46617f4abecad7e8ccb5f1c3195b1ea65","verified"
"14-主流开源模型全景解析与技术报告精读/14.1-DeepSeek/05-DeepSeek-V3/images/a142168aa7e05d0bcbf28c4724608c83266d5e1765011675000d2060b0a7ee2e.jpg","_sources/model-reports/deepseek/deepseek-v3/images/a142168aa7e05d0bcbf28c4724608c83266d5e1765011675000d2060b0a7ee2e.jpg","25834","69c45027ed46e5d42b7ae47d3effb10b9a115997e6d8a5f4dcc2e8e5e389a01a","verified"
"14-主流开源模型全景解析与技术报告精读/14.1-DeepSeek/05-DeepSeek-V3/images/a571e0491645b022eb52cc39bce962ccb53e51f73d4fd829418f5b9e0d3a2333.jpg","_sources/model-reports/deepseek/deepseek-v3/images/a571e0491645b022eb52cc39bce962ccb53e51f73d4fd829418f5b9e0d3a2333.jpg","92355","96b675a7c50f021815afdfb4bf21e26f6dd493ee7fdc3b784a7d2937e4fd1aa2","verified"
"14-主流开源模型全景解析与技术报告精读/14.1-DeepSeek/05-DeepSeek-V3/images/a6c2ea9154a1ea3561cb4a6cdcb169b2e7cf09dc66b534d86ea3e034523e8333.jpg","_sources/model-reports/deepseek/deepseek-v3/images/a6c2ea9154a1ea3561cb4a6cdcb169b2e7cf09dc66b534d86ea3e034523e8333.jpg","7497","b70d4ec73079d74d2fa72f6529c1ac50470446e5eb66481b48bb84c38d3e903e","verified"
"14-主流开源模型全景解析与技术报告精读/14.1-DeepSeek/05-DeepSeek-V3/images/a71d13612b5c2b5808f60cc7eeacc9b06d7257b34ba488fbfbbeac2850eeb5c0.jpg","_sources/model-reports/deepseek/deepseek-v3/images/a71d13612b5c2b5808f60cc7eeacc9b06d7257b34ba488fbfbbeac2850eeb5c0.jpg","23733","506acaf43b86ebff8531c083e30756e7a55b4b523839c7157ca7b7b053ea03ba","verified"
"14-主流开源模型全景解析与技术报告精读/14.1-DeepSeek/05-DeepSeek-V3/images/a8571829d11d35d6486fb49f64c5690b17fddc9c023b158a7b8b73b2bb476aa6.jpg","_sources/model-reports/deepseek/deepseek-v3/images/a8571829d11d35d6486fb49f64c5690b17fddc9c023b158a7b8b73b2bb476aa6.jpg","14980","5d90c0eb28689ba38a44a59e02a9ec72547f336be7372f20dcb6706b2a09a97c","verified"
"14-主流开源模型全景解析与技术报告精读/14.1-DeepSeek/05-DeepSeek-V3/images/aa08be640b4d099c183770f5b9853dddf35ec8375541a78c53364f2f61988aaa.jpg","_sources/model-reports/deepseek/deepseek-v3/images/aa08be640b4d099c183770f5b9853dddf35ec8375541a78c53364f2f61988aaa.jpg","4645","1cf4a58142cddf5242e721351d39e32ec875b7835734a88cad32687fdd21c9ba","verified"
"14-主流开源模型全景解析与技术报告精读/14.1-DeepSeek/05-DeepSeek-V3/images/ad53f95da0a1ffd0dd56a3d57420281343b2a8957caa5a4dd914e5f7fb34549f.jpg","_sources/model-reports/deepseek/deepseek-v3/images/ad53f95da0a1ffd0dd56a3d57420281343b2a8957caa5a4dd914e5f7fb34549f.jpg","26140","dfe4f35b2d0463937e5002fc7906b5641bfd655a048bfeb1b2e42c2f24e71fca","verified"
"14-主流开源模型全景解析与技术报告精读/14.1-DeepSeek/05-DeepSeek-V3/images/adbc6a70212d3af3335b3548c8d1e85973be39f022ab773584951bd2b0beae8b.jpg","_sources/model-reports/deepseek/deepseek-v3/images/adbc6a70212d3af3335b3548c8d1e85973be39f022ab773584951bd2b0beae8b.jpg","23552","a2281581968003fd9bd0a21dd12337cd6eac340a2079769f20b7e9036a57c5f8","verified"
"14-主流开源模型全景解析与技术报告精读/14.1-DeepSeek/05-DeepSeek-V3/images/adc05db4302052d5a1687c4d18aa56ee73098e420f2d2565b73bc69e7295b940.jpg","_sources/model-reports/deepseek/deepseek-v3/images/adc05db4302052d5a1687c4d18aa56ee73098e420f2d2565b73bc69e7295b940.jpg","30756","ec1aabb150f41f7dff1953d0099edc3cab0d4092d1ec11e0a584961b1823f547","verified"
"14-主流开源模型全景解析与技术报告精读/14.1-DeepSeek/05-DeepSeek-V3/images/add8cbffecbc3a8c72ef15b312efe60713e9e83f9c1aa393981a96b236ab39fc.jpg","_sources/model-reports/deepseek/deepseek-v3/images/add8cbffecbc3a8c72ef15b312efe60713e9e83f9c1aa393981a96b236ab39fc.jpg","23510","7f5ba18f4a9cd28cbda30650b0dd1aeecae1f21763c4da821149e33ff645978e","verified"
"14-主流开源模型全景解析与技术报告精读/14.1-DeepSeek/05-DeepSeek-V3/images/b2ee9b23785a0526e959fa1a28205db38b71e0af8d39145208ad47bcc9070acf.jpg","_sources/model-reports/deepseek/deepseek-v3/images/b2ee9b23785a0526e959fa1a28205db38b71e0af8d39145208ad47bcc9070acf.jpg","23100","d11310d167359fbd49a42a01648af6d62deb4847a36b4019c29b554ecd229764","verified"
"14-主流开源模型全景解析与技术报告精读/14.1-DeepSeek/05-DeepSeek-V3/images/b39f85e42b7475af7b9e69b55f135d7481bda734a8df0e1f8f1fabe5e93082b9.jpg","_sources/model-reports/deepseek/deepseek-v3/images/b39f85e42b7475af7b9e69b55f135d7481bda734a8df0e1f8f1fabe5e93082b9.jpg","26063","594a93b138bb75ba6d2062a8e8ce8e3b5e48b4923321145072ff0dc3bb754ad8","verified"
"14-主流开源模型全景解析与技术报告精读/14.1-DeepSeek/05-DeepSeek-V3/images/b71b13d2b9115088cbab53fb0a827fa01c4e7786a435284f9b1cb27d4f250c56.jpg","_sources/model-reports/deepseek/deepseek-v3/images/b71b13d2b9115088cbab53fb0a827fa01c4e7786a435284f9b1cb27d4f250c56.jpg","66340","adcccf8f1da6f55893b939849b02fda47d9e47d57330076e59bc12289251dce6","verified"
"14-主流开源模型全景解析与技术报告精读/14.1-DeepSeek/05-DeepSeek-V3/images/basic_arch.pdf","_sources/model-reports/deepseek/deepseek-v3/images/basic_arch.pdf","201586","41a3c7e12fd2bb3d61903e526debde1b01fcdb29103577bb6a97ffbb5b74e68e","verified"
"14-主流开源模型全景解析与技术报告精读/14.1-DeepSeek/05-DeepSeek-V3/images/bd7efb35e2ce8e781d5c9850bb2d1f8c3c7225d36513192b00cf7e80b041ff0a.jpg","_sources/model-reports/deepseek/deepseek-v3/images/bd7efb35e2ce8e781d5c9850bb2d1f8c3c7225d36513192b00cf7e80b041ff0a.jpg","25284","46843147836124d6069b8a0f32059b6dae6b0fab7bcee49d414e35941ad7e34b","verified"
"14-主流开源模型全景解析与技术报告精读/14.1-DeepSeek/05-DeepSeek-V3/images/c242f613083c56fa6f221afddc7029541307fead78343293172ec2b0c98737b1.jpg","_sources/model-reports/deepseek/deepseek-v3/images/c242f613083c56fa6f221afddc7029541307fead78343293172ec2b0c98737b1.jpg","25356","619fbfc797c8c17cfed3f26c351182c73c240efef61fcc1af552d70af12618c9","verified"
"14-主流开源模型全景解析与技术报告精读/14.1-DeepSeek/05-DeepSeek-V3/images/c30d403f0536eb6ed7569f6471fe088035b1d8be2fc107e58ab8f70498a112aa.jpg","_sources/model-reports/deepseek/deepseek-v3/images/c30d403f0536eb6ed7569f6471fe088035b1d8be2fc107e58ab8f70498a112aa.jpg","5110","5c7b159a70710267defb7206fc22dce8408c150929a1ccfa9a22aaa50b570385","verified"
"14-主流开源模型全景解析与技术报告精读/14.1-DeepSeek/05-DeepSeek-V3/images/c50a08d1e5e4d1804a9d7d08f3183c0e047416d97537919db747fbd321a11b76.jpg","_sources/model-reports/deepseek/deepseek-v3/images/c50a08d1e5e4d1804a9d7d08f3183c0e047416d97537919db747fbd321a11b76.jpg","46711","d29f3eda00746e0ea62a98664484fd3c00ec7e12c36f24c70d510809e2158175","verified"
"14-主流开源模型全景解析与技术报告精读/14.1-DeepSeek/05-DeepSeek-V3/images/c72798ac3ebad7ae3657a157854fa616a86bd98a8bc3c5050c800a61a91a3acc.jpg","_sources/model-reports/deepseek/deepseek-v3/images/c72798ac3ebad7ae3657a157854fa616a86bd98a8bc3c5050c800a61a91a3acc.jpg","6161","83aec1533262308040ac205a292126fe9281e6f7ba5007dac3a9212b174b9d2b","verified"
"14-主流开源模型全景解析与技术报告精读/14.1-DeepSeek/05-DeepSeek-V3/images/c88cfe88d13b47b1b34b7ef533b7ffb5bc419a8c510122ea628008df9b80f28d.jpg","_sources/model-reports/deepseek/deepseek-v3/images/c88cfe88d13b47b1b34b7ef533b7ffb5bc419a8c510122ea628008df9b80f28d.jpg","24170","73f1b7e5ee9d3712f8485eb23be8e5be34526832be66fe01ff32619dfa9190cf","verified"
"14-主流开源模型全景解析与技术报告精读/14.1-DeepSeek/05-DeepSeek-V3/images/ce86402d578b0d87f938e5f5b07b57b009d2f8b443b3f58d480c7c9dfdfb75ed.jpg","_sources/model-reports/deepseek/deepseek-v3/images/ce86402d578b0d87f938e5f5b07b57b009d2f8b443b3f58d480c7c9dfdfb75ed.jpg","23414","3f0aa0ded823e86a516982a1725b73f45c2f32e772cb02e4520e142be1e2967e","verified"
"14-主流开源模型全景解析与技术报告精读/14.1-DeepSeek/05-DeepSeek-V3/images/d0b32c32d3216eca03264bb2140a343d15e7e0c6dba064a077777bc578c0cc20.jpg","_sources/model-reports/deepseek/deepseek-v3/images/d0b32c32d3216eca03264bb2140a343d15e7e0c6dba064a077777bc578c0cc20.jpg","33987","91d0dd472bef021f49a9c54e18587db502a26969b756b6acfb114a5c0a6a9cee","verified"
"14-主流开源模型全景解析与技术报告精读/14.1-DeepSeek/05-DeepSeek-V3/images/d47416b076b8ce11d04194341472bccf5549253ccb6d5ed3630e530fd8afd2af.jpg","_sources/model-reports/deepseek/deepseek-v3/images/d47416b076b8ce11d04194341472bccf5549253ccb6d5ed3630e530fd8afd2af.jpg","219080","85a1c1a3b71e10a448aa456ff77dca654f798cb4e382ed82e1d4b59c729d29fd","verified"
"14-主流开源模型全景解析与技术报告精读/14.1-DeepSeek/05-DeepSeek-V3/images/d7ad7aa2b8c46f5c5fad2654c09bd04aba1dd40e26a2ce1110c6482d56e26f40.jpg","_sources/model-reports/deepseek/deepseek-v3/images/d7ad7aa2b8c46f5c5fad2654c09bd04aba1dd40e26a2ce1110c6482d56e26f40.jpg","4816","e72b6f68a1f7506b0fd60090bece4721a8b5c990eb258ca7e6fd72a549ad81a0","verified"
"14-主流开源模型全景解析与技术报告精读/14.1-DeepSeek/05-DeepSeek-V3/images/d7e9187ec3391a5680f77ba405ebedea9d2c539af0b5e1bd8466797d1b00adc2.jpg","_sources/model-reports/deepseek/deepseek-v3/images/d7e9187ec3391a5680f77ba405ebedea9d2c539af0b5e1bd8466797d1b00adc2.jpg","26225","2c8c556918c5d025f11682bd62b3e2067b63e0eb631b1e41c41340ca950fcb64","verified"
"14-主流开源模型全景解析与技术报告精读/14.1-DeepSeek/05-DeepSeek-V3/images/d8e5b02c7a15d3e6c0f45ae87308627369ff19f0118e481acc0fed4c075509db.jpg","_sources/model-reports/deepseek/deepseek-v3/images/d8e5b02c7a15d3e6c0f45ae87308627369ff19f0118e481acc0fed4c075509db.jpg","11732","4c75a4144ca6ef001757d2840a43b1d17471c683d4f2c165d0b21e15b076f0c6","verified"
"14-主流开源模型全景解析与技术报告精读/14.1-DeepSeek/05-DeepSeek-V3/images/db93c6e14b75b455a664c98bc007a67944e3fd174df18553f3548e4d94d87bb9.jpg","_sources/model-reports/deepseek/deepseek-v3/images/db93c6e14b75b455a664c98bc007a67944e3fd174df18553f3548e4d94d87bb9.jpg","5227","4c88f8b8e4b9ec0096291c5ff155a6460ba38458381ffcd488b6dae259cee491","verified"
"14-主流开源模型全景解析与技术报告精读/14.1-DeepSeek/05-DeepSeek-V3/images/df54f0c69fc79b9f0f30e1c89b0c608093930fd6d44eb10aa814dc78c6d84429.jpg","_sources/model-reports/deepseek/deepseek-v3/images/df54f0c69fc79b9f0f30e1c89b0c608093930fd6d44eb10aa814dc78c6d84429.jpg","23544","27b49a3c442331b9e75dbe28a495a824f45e875e84d91d288128b6e6fffc0fb2","verified"
"14-主流开源模型全景解析与技术报告精读/14.1-DeepSeek/05-DeepSeek-V3/images/dsv3_performance.pdf","_sources/model-reports/deepseek/deepseek-v3/images/dsv3_performance.pdf","38097","2adc9e7c317e240ef06ff0dd12624a2d6bff2bc806295b132a5c5e1189769fd2","verified"
"14-主流开源模型全景解析与技术报告精读/14.1-DeepSeek/05-DeepSeek-V3/images/dualpipe.pdf","_sources/model-reports/deepseek/deepseek-v3/images/dualpipe.pdf","46933","2c47fab68ba1f76d3d7f0c2b39794d60534f11385922cac06600c300865e3beb","verified"
"14-主流开源模型全景解析与技术报告精读/14.1-DeepSeek/05-DeepSeek-V3/images/e45f17deb2ee71b37084a4a95ff2c85fc7f51ad4eb511b2f2d3bd9b8a73db1a6.jpg","_sources/model-reports/deepseek/deepseek-v3/images/e45f17deb2ee71b37084a4a95ff2c85fc7f51ad4eb511b2f2d3bd9b8a73db1a6.jpg","5833","70a2a066ed0b70dcc5215c335f08465ef89430d3ec7f48f5bd9d5b536f0e78f5","verified"
"14-主流开源模型全景解析与技术报告精读/14.1-DeepSeek/05-DeepSeek-V3/images/eb57312dc7a843e28c519f861ff4cb413be51a0bd0ab666ec825590454733982.jpg","_sources/model-reports/deepseek/deepseek-v3/images/eb57312dc7a843e28c519f861ff4cb413be51a0bd0ab666ec825590454733982.jpg","3677","bd5d13b1d24adfc90d3e1161a412cf4403c8defcf9629b36dfcb7d67a0bf87e8","verified"
"14-主流开源模型全景解析与技术报告精读/14.1-DeepSeek/05-DeepSeek-V3/images/ec3c6df961295d7b3efdfe11f5aa92cd27e98666cc55e6db19a3d4aecdba909b.jpg","_sources/model-reports/deepseek/deepseek-v3/images/ec3c6df961295d7b3efdfe11f5aa92cd27e98666cc55e6db19a3d4aecdba909b.jpg","10503","318d242f9e4f8e9b940abbb5bb55b21d3a9eab9d262e73afaa7557a044114bb0","verified"
"14-主流开源模型全景解析与技术报告精读/14.1-DeepSeek/05-DeepSeek-V3/images/ed5de66ad5f5c5f132ad0f748fff0cc5bc020a2d5c05f1c60b8b9aaf01bead12.jpg","_sources/model-reports/deepseek/deepseek-v3/images/ed5de66ad5f5c5f132ad0f748fff0cc5bc020a2d5c05f1c60b8b9aaf01bead12.jpg","25684","c1aa3811920792b0b67207502b1483c1e41dc2b30d86295781978ce56f848d1d","verified"
"14-主流开源模型全景解析与技术报告精读/14.1-DeepSeek/05-DeepSeek-V3/images/ee34df31b08dcfe3c2eca4f7b34d170a0c9e46bbaed66a2e4d5d87414d3ce625.jpg","_sources/model-reports/deepseek/deepseek-v3/images/ee34df31b08dcfe3c2eca4f7b34d170a0c9e46bbaed66a2e4d5d87414d3ce625.jpg","9744","29f231ecbf4a373546306ad9c21e770734c9162de278c4ec48eada23a0867c73","verified"
"14-主流开源模型全景解析与技术报告精读/14.1-DeepSeek/05-DeepSeek-V3/images/f137e7bd3e97c9c4e195c550b94fd195d6a55d0c3646c9fa698be79bce0df66a.jpg","_sources/model-reports/deepseek/deepseek-v3/images/f137e7bd3e97c9c4e195c550b94fd195d6a55d0c3646c9fa698be79bce0df66a.jpg","23015","ba7ac5bfc9fbfdf90a1d283c0b99d666c2cfe481b4f562d8d4e96065b33cf720","verified"
"14-主流开源模型全景解析与技术报告精读/14.1-DeepSeek/05-DeepSeek-V3/images/f47b3a1c0b00b9b9504c7c72ac64bfa2dd9753d5fbddcfb34308b1d7bd63320b.jpg","_sources/model-reports/deepseek/deepseek-v3/images/f47b3a1c0b00b9b9504c7c72ac64bfa2dd9753d5fbddcfb34308b1d7bd63320b.jpg","19750","a383f55437d2ececb5b57f47cda8115b8798988cec6470c4faee30424f6d19c1","verified"
"14-主流开源模型全景解析与技术报告精读/14.1-DeepSeek/05-DeepSeek-V3/images/f49f57369dbee70a6c9982cee48f735764844593df8e4674b691d562b78497c8.jpg","_sources/model-reports/deepseek/deepseek-v3/images/f49f57369dbee70a6c9982cee48f735764844593df8e4674b691d562b78497c8.jpg","4887","1abb9c2550bafeb783d3e33950fb13a12b0b1f5de8531d60b3ba75b83e913eb0","verified"
"14-主流开源模型全景解析与技术报告精读/14.1-DeepSeek/05-DeepSeek-V3/images/f74afdaf94b0f9c1ed146df0229e75ba9f6d5046edeafbdd69f656aab2b30ef7.jpg","_sources/model-reports/deepseek/deepseek-v3/images/f74afdaf94b0f9c1ed146df0229e75ba9f6d5046edeafbdd69f656aab2b30ef7.jpg","26292","c4ce54a84141ab14fd9e22813bc0f490eb2e78a22bae8ed61e854d83ebbc491e","verified"
"14-主流开源模型全景解析与技术报告精读/14.1-DeepSeek/05-DeepSeek-V3/images/f77cab361f298bcff0c8aa0d3fce533482f922b4751df60af26dc5a342a1f1d6.jpg","_sources/model-reports/deepseek/deepseek-v3/images/f77cab361f298bcff0c8aa0d3fce533482f922b4751df60af26dc5a342a1f1d6.jpg","22714","26f120c711278e66f1a0b462f227c1072429afbb5fd13de32cbe331c413eb3a3","verified"
"14-主流开源模型全景解析与技术报告精读/14.1-DeepSeek/05-DeepSeek-V3/images/f97d02b0168ad2d73faebcf46eff364761e7d7cbea327b9cf6f2ac9c143062a0.jpg","_sources/model-reports/deepseek/deepseek-v3/images/f97d02b0168ad2d73faebcf46eff364761e7d7cbea327b9cf6f2ac9c143062a0.jpg","25913","ea6dc2b37611996aa343f54bb70e128da4f7e9daed3ec556c5a6e62ef097205d","verified"
"14-主流开源模型全景解析与技术报告精读/14.1-DeepSeek/05-DeepSeek-V3/images/fadeede5b21f3915a7808b03ccea0f14ba1e0748c202ae898141a62b3ae4e4c6.jpg","_sources/model-reports/deepseek/deepseek-v3/images/fadeede5b21f3915a7808b03ccea0f14ba1e0748c202ae898141a62b3ae4e4c6.jpg","10695","b4b313396ca7f9e39f8564954b9e3ed62e4afdcd481463106616cd54f08ff8f7","verified"
"14-主流开源模型全景解析与技术报告精读/14.1-DeepSeek/05-DeepSeek-V3/images/fe5f976ac97d4fed80ee4c505b70c54882606338e778f09ab39d39e84ac559a4.jpg","_sources/model-reports/deepseek/deepseek-v3/images/fe5f976ac97d4fed80ee4c505b70c54882606338e778f09ab39d39e84ac559a4.jpg","23765","a1f687d788d376ffa1a5060807d00f4fe8a04f014c4e171bcb7a3a5e5e8da4ea","verified"
"14-主流开源模型全景解析与技术报告精读/14.1-DeepSeek/05-DeepSeek-V3/images/fig01_benchmark_performance.jpg","_sources/model-reports/deepseek/deepseek-v3/images/fig01_benchmark_performance.jpg","101423","0098a32b32b0d02764bc72a0310ae11d27c377b0b160c52a676134ba94a5f5bf","verified"
"14-主流开源模型全景解析与技术报告精读/14.1-DeepSeek/05-DeepSeek-V3/images/fig02_basic_architecture.jpg","_sources/model-reports/deepseek/deepseek-v3/images/fig02_basic_architecture.jpg","164067","156c0f65626d35b132f98af826036f9f08f9e5950d1d75d2ff19c226816c3b9b","verified"
"14-主流开源模型全景解析与技术报告精读/14.1-DeepSeek/05-DeepSeek-V3/images/fig03_mtp_implementation.jpg","_sources/model-reports/deepseek/deepseek-v3/images/fig03_mtp_implementation.jpg","104554","a5cbb866efca4d74fa984c1896ae2f86e626e7b472ec73b5da18c5ba76f0788f","verified"
"14-主流开源模型全景解析与技术报告精读/14.1-DeepSeek/05-DeepSeek-V3/images/fig04_overlapping_strategy.jpg","_sources/model-reports/deepseek/deepseek-v3/images/fig04_overlapping_strategy.jpg","24240","f08df4b9417bce21e13f238b051f842439c3953fa07d90e4d64ed65ef72bbb11","verified"
"14-主流开源模型全景解析与技术报告精读/14.1-DeepSeek/05-DeepSeek-V3/images/fig05_dualpipe_scheduling.jpg","_sources/model-reports/deepseek/deepseek-v3/images/fig05_dualpipe_scheduling.jpg","68242","c9e0437f6572ecae6b3b79d2cb6b6348e003ccbab14d7fa84c62e1e42badb9e7","verified"
"14-主流开源模型全景解析与技术报告精读/14.1-DeepSeek/05-DeepSeek-V3/images/fig06_mixed_precision_framework.jpg","_sources/model-reports/deepseek/deepseek-v3/images/fig06_mixed_precision_framework.jpg","47108","45c6c59b4113258d5c18729afb056c948ca0599b9ca867d1074a96f25621d17d","verified"
"14-主流开源模型全景解析与技术报告精读/14.1-DeepSeek/05-DeepSeek-V3/images/fig07a_fine_grained_quantization.jpg","_sources/model-reports/deepseek/deepseek-v3/images/fig07a_fine_grained_quantization.jpg","50300","35c6832980f8851f3bc91765748dc3fef750743abae05d68b082d608bae1ff26","verified"
"14-主流开源模型全景解析与技术报告精读/14.1-DeepSeek/05-DeepSeek-V3/images/fig07b_increasing_accumulation_precision.jpg","_sources/model-reports/deepseek/deepseek-v3/images/fig07b_increasing_accumulation_precision.jpg","28881","6ff1852cd3f2db739815133bf0a89bfb382d8afd162787cef0b3f711ee90e287","verified"
"14-主流开源模型全景解析与技术报告精读/14.1-DeepSeek/05-DeepSeek-V3/images/fig08_niah_test.jpg","_sources/model-reports/deepseek/deepseek-v3/images/fig08_niah_test.jpg","52126","ef1e9ce2674a8a85458c8a572f2ebbe4dac4b5b52e596295f4fb64d21e37544b","verified"
"14-主流开源模型全景解析与技术报告精读/14.1-DeepSeek/05-DeepSeek-V3/images/fig09_expert_load_comparison.jpg","_sources/model-reports/deepseek/deepseek-v3/images/fig09_expert_load_comparison.jpg","108399","9b5e61e4c918a5352cf0d962c746dba3a276a176d5031a830e54c422b145bc99","verified"
"14-主流开源模型全景解析与技术报告精读/14.1-DeepSeek/05-DeepSeek-V3/images/fig10_loss_curves_bf16_fp8.jpg","_sources/model-reports/deepseek/deepseek-v3/images/fig10_loss_curves_bf16_fp8.jpg","38825","56d367694ffe7fb6d0a7af7c270c49c528e2b38fb38718d95ba1d9228c83fb64","verified"
"14-主流开源模型全景解析与技术报告精读/14.1-DeepSeek/05-DeepSeek-V3/images/fig11_expert_layer_01.jpg","_sources/model-reports/deepseek/deepseek-v3/images/fig11_expert_layer_01.jpg","24776","cc0d6332ffcc5525c430e6305b690e169eb26a094cccea3954159e6b0701891a","verified"
"14-主流开源模型全景解析与技术报告精读/14.1-DeepSeek/05-DeepSeek-V3/images/fig11_expert_layer_02.jpg","_sources/model-reports/deepseek/deepseek-v3/images/fig11_expert_layer_02.jpg","23282","733d79b8123e7c2da2bf543aed7e457f015912fc18b5178031a028d4d1c3cfdb","verified"
"14-主流开源模型全景解析与技术报告精读/14.1-DeepSeek/05-DeepSeek-V3/images/fig11_expert_layer_03.jpg","_sources/model-reports/deepseek/deepseek-v3/images/fig11_expert_layer_03.jpg","23008","b57dee68bd569f09522380f7289528bdd9d2b81b67f7d47cee36f6bbcdee30fe","verified"
"14-主流开源模型全景解析与技术报告精读/14.1-DeepSeek/05-DeepSeek-V3/images/fig11_expert_layer_04.jpg","_sources/model-reports/deepseek/deepseek-v3/images/fig11_expert_layer_04.jpg","26000","bdd1f86c731f841e88239c6bc93bf620044df9f59db211ea497958d6b31466b9","verified"
"14-主流开源模型全景解析与技术报告精读/14.1-DeepSeek/05-DeepSeek-V3/images/fig11_expert_layer_05.jpg","_sources/model-reports/deepseek/deepseek-v3/images/fig11_expert_layer_05.jpg","22175","89761d2b55c1e1a40faabeeadf55cb8c78c6b64d9ec33fe481dbcd5648a5030a","verified"
"14-主流开源模型全景解析与技术报告精读/14.1-DeepSeek/05-DeepSeek-V3/images/fig11_expert_layer_06.jpg","_sources/model-reports/deepseek/deepseek-v3/images/fig11_expert_layer_06.jpg","26209","490598935cae068a6a42c549f118b0336d94e92c590d1b4f27dd51148625d72a","verified"
"14-主流开源模型全景解析与技术报告精读/14.1-DeepSeek/05-DeepSeek-V3/images/fig11_expert_layer_07.jpg","_sources/model-reports/deepseek/deepseek-v3/images/fig11_expert_layer_07.jpg","23542","aa8dbba3a3cb2ae340d8a818d6c2aa891a118a747b570fe78c346c64792c6921","verified"
"14-主流开源模型全景解析与技术报告精读/14.1-DeepSeek/05-DeepSeek-V3/images/fig11_expert_layer_08.jpg","_sources/model-reports/deepseek/deepseek-v3/images/fig11_expert_layer_08.jpg","26334","0c977a67be861b095413c30a3198683bca1df87fe1aa1c8b839d133f2e2db9b7","verified"
"14-主流开源模型全景解析与技术报告精读/14.1-DeepSeek/05-DeepSeek-V3/images/fig11_expert_layer_09.jpg","_sources/model-reports/deepseek/deepseek-v3/images/fig11_expert_layer_09.jpg","24751","5d71ab8586c2f11912f2fe93e087a71a55aced003e12d75b3bdeb2e313c4d011","verified"
"14-主流开源模型全景解析与技术报告精读/14.1-DeepSeek/05-DeepSeek-V3/images/fig11_expert_layer_10.jpg","_sources/model-reports/deepseek/deepseek-v3/images/fig11_expert_layer_10.jpg","24534","a2a2dccb51f77b281f9a96de498c84c7821f48a2f0e97c6891dca305bace2515","verified"
"14-主流开源模型全景解析与技术报告精读/14.1-DeepSeek/05-DeepSeek-V3/images/fig11_expert_layer_11.jpg","_sources/model-reports/deepseek/deepseek-v3/images/fig11_expert_layer_11.jpg","23232","3209d81dc15c09bcdcec293a7ce003cc6212fa5f04d1a345a007e8089255a77b","verified"
"14-主流开源模型全景解析与技术报告精读/14.1-DeepSeek/05-DeepSeek-V3/images/fig11_expert_layer_12.jpg","_sources/model-reports/deepseek/deepseek-v3/images/fig11_expert_layer_12.jpg","25539","2824368e2716e0d3ac760c1be2f02ad1c0f78e2ee06ce582e1dd56df7d094d4f","verified"
"14-主流开源模型全景解析与技术报告精读/14.1-DeepSeek/05-DeepSeek-V3/images/fig11_expert_layer_13.jpg","_sources/model-reports/deepseek/deepseek-v3/images/fig11_expert_layer_13.jpg","23494","822b267df33547ebc92694c3d64aa1f6cd62e2de175a609abdb0598ec075a9d1","verified"
"14-主流开源模型全景解析与技术报告精读/14.1-DeepSeek/05-DeepSeek-V3/images/fig11_expert_layer_14.jpg","_sources/model-reports/deepseek/deepseek-v3/images/fig11_expert_layer_14.jpg","26172","bb6d079e66883d0c37c595cf367acde87017831d68b24f8637aedf14697595ef","verified"
"14-主流开源模型全景解析与技术报告精读/14.1-DeepSeek/05-DeepSeek-V3/images/fig11_expert_layer_15.jpg","_sources/model-reports/deepseek/deepseek-v3/images/fig11_expert_layer_15.jpg","23741","91d5493a492d1ae6697086c34d20dbdeccd8d51c1b9cb97970f19b2ab2bf5596","verified"
"14-主流开源模型全景解析与技术报告精读/14.1-DeepSeek/05-DeepSeek-V3/images/fig11_expert_layer_16.jpg","_sources/model-reports/deepseek/deepseek-v3/images/fig11_expert_layer_16.jpg","26163","288353dbffddb5cca2364cecc4f9f2fef1c9a8ae39d365120400625f82e13563","verified"
"14-主流开源模型全景解析与技术报告精读/14.1-DeepSeek/05-DeepSeek-V3/images/fig11_expert_layer_17.jpg","_sources/model-reports/deepseek/deepseek-v3/images/fig11_expert_layer_17.jpg","21899","2c3330aee09fd87572b3c2414d90697ef548b310e34b7a0299c2e6a690212856","verified"
"14-主流开源模型全景解析与技术报告精读/14.1-DeepSeek/05-DeepSeek-V3/images/fig11_expert_layer_18.jpg","_sources/model-reports/deepseek/deepseek-v3/images/fig11_expert_layer_18.jpg","22914","16a411d2c084401ffc1c278218380011294ab5c345f5e18974638a72cb21231d","verified"
"14-主流开源模型全景解析与技术报告精读/14.1-DeepSeek/05-DeepSeek-V3/images/fig11_expert_layer_19.jpg","_sources/model-reports/deepseek/deepseek-v3/images/fig11_expert_layer_19.jpg","25716","82c7294eaf8c464f04fda803f0fb6be4e8b6034a1c24a371ced13caa2f85a2f8","verified"
"14-主流开源模型全景解析与技术报告精读/14.1-DeepSeek/05-DeepSeek-V3/images/fig11_expert_layer_20.jpg","_sources/model-reports/deepseek/deepseek-v3/images/fig11_expert_layer_20.jpg","21497","d56162d153d2ceab898394b0b1f1d5ceb45eb1fbacf299e50c27958b804f8b64","verified"
"14-主流开源模型全景解析与技术报告精读/14.1-DeepSeek/05-DeepSeek-V3/images/fig11_expert_layer_21.jpg","_sources/model-reports/deepseek/deepseek-v3/images/fig11_expert_layer_21.jpg","25995","fe3aa1361e02f3eb0dd39585d8ef7ae443c199304efca961d19d6f111ec78e7d","verified"
"14-主流开源模型全景解析与技术报告精读/14.1-DeepSeek/05-DeepSeek-V3/images/fig11_expert_layer_22.jpg","_sources/model-reports/deepseek/deepseek-v3/images/fig11_expert_layer_22.jpg","57323","9eeafe6e3407cf31079d4cca70eb8b291ee5711b9138ebf9c2f6b1ec5e4e7d5a","verified"
"14-主流开源模型全景解析与技术报告精读/14.1-DeepSeek/05-DeepSeek-V3/images/fig11_expert_layer_23.jpg","_sources/model-reports/deepseek/deepseek-v3/images/fig11_expert_layer_23.jpg","23544","96a061bdf337d4778bcc251f7a8644ff1109808438db130377240e85710b460c","verified"
"14-主流开源模型全景解析与技术报告精读/14.1-DeepSeek/05-DeepSeek-V3/images/fig11_expert_layer_24.jpg","_sources/model-reports/deepseek/deepseek-v3/images/fig11_expert_layer_24.jpg","26130","50080bf291e24014fbe86e765b1aa7908b16ab7e08b44f0b802a0db0f821858c","verified"
"14-主流开源模型全景解析与技术报告精读/14.1-DeepSeek/05-DeepSeek-V3/images/fig11_expert_layer_25.jpg","_sources/model-reports/deepseek/deepseek-v3/images/fig11_expert_layer_25.jpg","25711","c76c1c3bd9ce4f5aedeca06dbd668d75c66dd951f6c59ff586166374b808b4a5","verified"
"14-主流开源模型全景解析与技术报告精读/14.1-DeepSeek/05-DeepSeek-V3/images/fig11_expert_layer_26.jpg","_sources/model-reports/deepseek/deepseek-v3/images/fig11_expert_layer_26.jpg","25378","3194ed7282d723925964d5989c74e5e91831237015789263509552114ad12399","verified"
"14-主流开源模型全景解析与技术报告精读/14.1-DeepSeek/05-DeepSeek-V3/images/fig11_expert_layer_27.jpg","_sources/model-reports/deepseek/deepseek-v3/images/fig11_expert_layer_27.jpg","21562","e93336a64d8db322db191d73d5b653db991674ffa853edd02c51bd7fd3ee3a66","verified"
"14-主流开源模型全景解析与技术报告精读/14.1-DeepSeek/05-DeepSeek-V3/images/fig11_expert_layer_28.jpg","_sources/model-reports/deepseek/deepseek-v3/images/fig11_expert_layer_28.jpg","26543","981a2694981e5da836101db96169afbd80d970d4da92513626cda3d623ba7902","verified"
"14-主流开源模型全景解析与技术报告精读/14.1-DeepSeek/05-DeepSeek-V3/images/fig11_expert_layer_29.jpg","_sources/model-reports/deepseek/deepseek-v3/images/fig11_expert_layer_29.jpg","22793","67736b84a7be08c9daeb7ebf5528885bbf5701dd17b888daeb8bbe9477e5d741","verified"
"14-主流开源模型全景解析与技术报告精读/14.1-DeepSeek/05-DeepSeek-V3/images/fig11_expert_layer_30.jpg","_sources/model-reports/deepseek/deepseek-v3/images/fig11_expert_layer_30.jpg","22404","9b29b95d6a5672e05e04700d6f13597c8e6468d6e58b143594030ecb0a28a342","verified"
"14-主流开源模型全景解析与技术报告精读/14.1-DeepSeek/05-DeepSeek-V3/images/fig11_expert_layer_31.jpg","_sources/model-reports/deepseek/deepseek-v3/images/fig11_expert_layer_31.jpg","26104","dd846659cef46302eed4844ac29b51e5271772583c5b7841189516ea9f284a60","verified"
"14-主流开源模型全景解析与技术报告精读/14.1-DeepSeek/05-DeepSeek-V3/images/fig11_expert_layer_32.jpg","_sources/model-reports/deepseek/deepseek-v3/images/fig11_expert_layer_32.jpg","23373","53eed5e83b3ba6156c07f65e4d6350b54d4bae19e192238c0f9d683e7e1203e3","verified"
"14-主流开源模型全景解析与技术报告精读/14.1-DeepSeek/05-DeepSeek-V3/images/fig11_expert_layer_33.jpg","_sources/model-reports/deepseek/deepseek-v3/images/fig11_expert_layer_33.jpg","25971","d2674e95b7fb0f26d11cdb452e56da882029f7addb160782afe126be26fe2761","verified"
"14-主流开源模型全景解析与技术报告精读/14.1-DeepSeek/05-DeepSeek-V3/images/fig11_expert_layer_34.jpg","_sources/model-reports/deepseek/deepseek-v3/images/fig11_expert_layer_34.jpg","22857","5e5285aa9402aef0d146630eeb9a28106e7a6c0193701a73278823ebd70089a4","verified"
"14-主流开源模型全景解析与技术报告精读/14.1-DeepSeek/05-DeepSeek-V3/images/fig11_expert_load_overview_b.jpg","_sources/model-reports/deepseek/deepseek-v3/images/fig11_expert_load_overview_b.jpg","59205","b994d3a2780752ebda9cf78cb2b7f3b14499aa191c24d41beea2349df20cdf7d","verified"
"14-主流开源模型全景解析与技术报告精读/14.1-DeepSeek/05-DeepSeek-V3/images/fig11_expert_load_overview.jpg","_sources/model-reports/deepseek/deepseek-v3/images/fig11_expert_load_overview.jpg","105830","b8cea6198c67ff04364cd76661917fe216f033b6072ab4c9fda0d2556ec459f8","verified"
"14-主流开源模型全景解析与技术报告精读/14.1-DeepSeek/05-DeepSeek-V3/images/fp8-128accumulatorv4.pdf","_sources/model-reports/deepseek/deepseek-v3/images/fp8-128accumulatorv4.pdf","45163","6191582bbb5f531e0fdb3f128b32360160e7bb8d66f2f198c29689cb2bfd4d3e","verified"
"14-主流开源模型全景解析与技术报告精读/14.1-DeepSeek/05-DeepSeek-V3/images/fp8-frameworkv3.pdf","_sources/model-reports/deepseek/deepseek-v3/images/fp8-frameworkv3.pdf","113767","aeb757c71f01957a5bf93ee8e0129a2f092c4e5d133cf731e326caae28a230b9","verified"
"14-主流开源模型全景解析与技术报告精读/14.1-DeepSeek/05-DeepSeek-V3/images/fp8-v.s.-bf16.pdf","_sources/model-reports/deepseek/deepseek-v3/images/fp8-v.s.-bf16.pdf","187455","a9cb6c013e195fac06178c934c1c9e86835c5beb50d8710ac39828e3ce35377b","verified"
"14-主流开源模型全景解析与技术报告精读/14.1-DeepSeek/05-DeepSeek-V3/images/needle_in_a_haystack.pdf","_sources/model-reports/deepseek/deepseek-v3/images/needle_in_a_haystack.pdf","28225","e7fcb54b575828e5017025769cd92684689d0d98dc7bfe90d30b1553ebf36ee7","verified"
"14-主流开源模型全景解析与技术报告精读/14.1-DeepSeek/05-DeepSeek-V3/images/nextn.pdf","_sources/model-reports/deepseek/deepseek-v3/images/nextn.pdf","148178","a4c43b5106e32e70862ab72f87ee766e16c3326f2e3a47ae88d1a53f4d1e8d43","verified"
"14-主流开源模型全景解析与技术报告精读/14.1-DeepSeek/05-DeepSeek-V3/images/overlap.pdf","_sources/model-reports/deepseek/deepseek-v3/images/overlap.pdf","25824","6dd9646dbde7863e0a303ad007a0b39d919a7cdef3fcacf5ac446cd6afffd01e","verified"
"14-主流开源模型全景解析与技术报告精读/14.1-DeepSeek/05-DeepSeek-V3/images/relative_expert_load_multi_1-6.pdf","_sources/model-reports/deepseek/deepseek-v3/images/relative_expert_load_multi_1-6.pdf","83353","577bcdea27883ade22eee16363ed1ab41fe13caa0ca7bedf3e3741f1362ba24d","verified"
"14-主流开源模型全景解析与技术报告精读/14.1-DeepSeek/05-DeepSeek-V3/images/relative_expert_load_multi_13-18.pdf","_sources/model-reports/deepseek/deepseek-v3/images/relative_expert_load_multi_13-18.pdf","84139","75f8797e8dd3c4ac15710b8fd08b99b1ab89f5fbd55ee95df9e167c1c2aa7562","verified"
"14-主流开源模型全景解析与技术报告精读/14.1-DeepSeek/05-DeepSeek-V3/images/relative_expert_load_multi_19-24.pdf","_sources/model-reports/deepseek/deepseek-v3/images/relative_expert_load_multi_19-24.pdf","83717","85c42ba0cc882f8a11215a56c9c7ddb388d8a02df48fe5956422a3851ff10afb","verified"
"14-主流开源模型全景解析与技术报告精读/14.1-DeepSeek/05-DeepSeek-V3/images/relative_expert_load_multi_25-26.pdf","_sources/model-reports/deepseek/deepseek-v3/images/relative_expert_load_multi_25-26.pdf","40874","bf6d213e26e578efdcdbe9e70fe7fb3389114bbd02b86d63f1865afd5bf87e5c","verified"
"14-主流开源模型全景解析与技术报告精读/14.1-DeepSeek/05-DeepSeek-V3/images/relative_expert_load_multi_7-12.pdf","_sources/model-reports/deepseek/deepseek-v3/images/relative_expert_load_multi_7-12.pdf","83736","271ced9fc5b9214f70169b17dd36dd5110376595421f12a6da2eede4061ae770","verified"
"14-主流开源模型全景解析与技术报告精读/14.1-DeepSeek/05-DeepSeek-V3/images/relative_expert_load_multi.pdf","_sources/model-reports/deepseek/deepseek-v3/images/relative_expert_load_multi.pdf","41021","4936e1fb227b0ce75a334084052c7f5d895f9fca954e9b2b80a0bae5d3711f29","verified"
"14-主流开源模型全景解析与技术报告精读/14.1-DeepSeek/05-DeepSeek-V3/images/unused_01.jpg","_sources/model-reports/deepseek/deepseek-v3/images/unused_01.jpg","3258","aa6359069f2b8909b85c6ac267662bef630c1e472a2f14eb05b2be5272d529b4","verified"
"14-主流开源模型全景解析与技术报告精读/14.1-DeepSeek/05-DeepSeek-V3/images/unused_02.jpg","_sources/model-reports/deepseek/deepseek-v3/images/unused_02.jpg","4072","58b2036bd224765cfdd929eb8406a2fefa07cf9e7298f09b8010ad46f14a4b56","verified"
"14-主流开源模型全景解析与技术报告精读/14.1-DeepSeek/05-DeepSeek-V3/images/unused_03.jpg","_sources/model-reports/deepseek/deepseek-v3/images/unused_03.jpg","37757","4b13fc530c9e5c0ce8628ab2cfed46b4f2684e2233eefc8c5326e82548e4c067","verified"
"14-主流开源模型全景解析与技术报告精读/14.1-DeepSeek/05-DeepSeek-V3/images/unused_04.jpg","_sources/model-reports/deepseek/deepseek-v3/images/unused_04.jpg","2346","cc21779d8606e4f2f781f4553050def6045404b29bd11d64dde15ba7d84fd16c","verified"
"14-主流开源模型全景解析与技术报告精读/14.1-DeepSeek/05-DeepSeek-V3/images/unused_05.jpg","_sources/model-reports/deepseek/deepseek-v3/images/unused_05.jpg","8628","0112183c617a64ade60d13fed38dfde748af5f832c301f92a1f1e13c225c7924","verified"
"14-主流开源模型全景解析与技术报告精读/14.1-DeepSeek/05-DeepSeek-V3/images/unused_06.jpg","_sources/model-reports/deepseek/deepseek-v3/images/unused_06.jpg","8238","59120c96d4c7ba24de3ee565c4838a7dbd50a68343418f77ff084c9acf5b4599","verified"
"14-主流开源模型全景解析与技术报告精读/14.1-DeepSeek/05-DeepSeek-V3/images/unused_07.jpg","_sources/model-reports/deepseek/deepseek-v3/images/unused_07.jpg","32747","2902f79c9e0a3c939f1381857b8c0e31bee94f03385e22f0360d10ff50826262","verified"
"14-主流开源模型全景解析与技术报告精读/14.1-DeepSeek/05-DeepSeek-V3/images/unused_08.jpg","_sources/model-reports/deepseek/deepseek-v3/images/unused_08.jpg","3803","8273b89f40469f324af2eba40b5ad842a31c6bf46c10854727c6ed67b22e75b2","verified"
"14-主流开源模型全景解析与技术报告精读/14.1-DeepSeek/05-DeepSeek-V3/images/unused_09.jpg","_sources/model-reports/deepseek/deepseek-v3/images/unused_09.jpg","34045","c88e5c30a016ac6229ce91913584712d20b0b9ba68653a68bbebdf38c85c4d7f","verified"
"14-主流开源模型全景解析与技术报告精读/14.1-DeepSeek/05-DeepSeek-V3/images/unused_10.jpg","_sources/model-reports/deepseek/deepseek-v3/images/unused_10.jpg","2960","701052ba255aa67ffe6c76a2ba6fab48303a8fa1b2eb50da53c4d91897eef28b","verified"
"14-主流开源模型全景解析与技术报告精读/14.1-DeepSeek/05-DeepSeek-V3/images/unused_11.jpg","_sources/model-reports/deepseek/deepseek-v3/images/unused_11.jpg","9382","2df370dececde67c23e929220763ff6090ac0e69da4781ce6102643abf8f6c5d","verified"
"14-主流开源模型全景解析与技术报告精读/14.1-DeepSeek/05-DeepSeek-V3/images/unused_12.jpg","_sources/model-reports/deepseek/deepseek-v3/images/unused_12.jpg","5230","95980930c68035e3eb5e1480e78a4475d35e2abc5f1f4f98f4073764a2419954","verified"
"14-主流开源模型全景解析与技术报告精读/14.1-DeepSeek/05-DeepSeek-V3/images/unused_13.jpg","_sources/model-reports/deepseek/deepseek-v3/images/unused_13.jpg","7352","8d0d73190cc05bfab2233e19a7c763dbf42f9b5e39dd7a91f1ba331514661e5a","verified"
"14-主流开源模型全景解析与技术报告精读/14.1-DeepSeek/05-DeepSeek-V3/images/unused_14.jpg","_sources/model-reports/deepseek/deepseek-v3/images/unused_14.jpg","193515","eae2678f1f5bf6e10e406a4bac047517224f5bbd4c70fe91cbfac1845e5c18cd","verified"
"14-主流开源模型全景解析与技术报告精读/14.1-DeepSeek/05-DeepSeek-V3/images/unused_15.jpg","_sources/model-reports/deepseek/deepseek-v3/images/unused_15.jpg","3812","67ef7b890b95f9c30c7ec8cf62648356f2ca51f54920dbc1fda6b1671ac8e30f","verified"
"14-主流开源模型全景解析与技术报告精读/14.1-DeepSeek/05-DeepSeek-V3/images/unused_16.jpg","_sources/model-reports/deepseek/deepseek-v3/images/unused_16.jpg","4356","2504aa17c6d3e8f02792bf6e472bac5774a0730fa3bada31cb594612aa5d563b","verified"
"14-主流开源模型全景解析与技术报告精读/14.1-DeepSeek/05-DeepSeek-V3/images/unused_17.jpg","_sources/model-reports/deepseek/deepseek-v3/images/unused_17.jpg","216161","4f58a9635bd21372f952644c47ccb0be2bfd545537f7720a08448b2fa7031041","verified"
"14-主流开源模型全景解析与技术报告精读/14.1-DeepSeek/05-DeepSeek-V3/images/unused_18.jpg","_sources/model-reports/deepseek/deepseek-v3/images/unused_18.jpg","34646","1a3127daa1afdb553875a4200d97859b26dd1d35b6eb0a36089dc02cd3901ebf","verified"
"14-主流开源模型全景解析与技术报告精读/14.1-DeepSeek/05-DeepSeek-V3/images/unused_19.jpg","_sources/model-reports/deepseek/deepseek-v3/images/unused_19.jpg","203493","92bde0e5424a0a5acf0266d6a98751691757127ab897cb1f94e38d654094df71","verified"
"14-主流开源模型全景解析与技术报告精读/14.1-DeepSeek/05-DeepSeek-V3/images/unused_20.jpg","_sources/model-reports/deepseek/deepseek-v3/images/unused_20.jpg","9984","48d4ee32ceb748f295ad3b0b136fdf0171d10fe09a916b65b3a26672bc1f6865","verified"
"14-主流开源模型全景解析与技术报告精读/14.1-DeepSeek/05-DeepSeek-V3/images/unused_21.jpg","_sources/model-reports/deepseek/deepseek-v3/images/unused_21.jpg","10425","fcfdc39fe945bd93cd9d16c3a801e4c56b602fec7d1d267e36508b9920fdce05","verified"
"14-主流开源模型全景解析与技术报告精读/14.1-DeepSeek/05-DeepSeek-V3/images/unused_22.jpg","_sources/model-reports/deepseek/deepseek-v3/images/unused_22.jpg","8546","7e64702d22a807e4b2c602a913c0576f2e6746bed885cce3f862f095eea816d3","verified"
"14-主流开源模型全景解析与技术报告精读/14.1-DeepSeek/05-DeepSeek-V3/images/unused_23.jpg","_sources/model-reports/deepseek/deepseek-v3/images/unused_23.jpg","4131","596803ccc41b0eabd4bef85c7bc93f2f43bb6d042503e9b43ba851e785859a4f","verified"
"14-主流开源模型全景解析与技术报告精读/14.1-DeepSeek/05-DeepSeek-V3/images/unused_24.jpg","_sources/model-reports/deepseek/deepseek-v3/images/unused_24.jpg","10370","9dd207b5931519791643ee05216f0a259658c676309e8ebbbe2b5c8ce9056961","verified"
"14-主流开源模型全景解析与技术报告精读/14.1-DeepSeek/05-DeepSeek-V3/images/unused_25.jpg","_sources/model-reports/deepseek/deepseek-v3/images/unused_25.jpg","2899","da416581731e286355ded3f81b2a231b377b107687f5e7a85c2a0928eed1b1a7","verified"
"14-主流开源模型全景解析与技术报告精读/14.1-DeepSeek/05-DeepSeek-V3/images/unused_26.jpg","_sources/model-reports/deepseek/deepseek-v3/images/unused_26.jpg","3115","c170a86bdb51c202531e1161bc2477eb805e28eef29106bea1427950829238ff","verified"
"14-主流开源模型全景解析与技术报告精读/14.1-DeepSeek/05-DeepSeek-V3/images/unused_27.jpg","_sources/model-reports/deepseek/deepseek-v3/images/unused_27.jpg","87477","87731dfb93de5d64eae9404fd98144f90fa2abcd6b73c95ba279202afdd1a040","verified"
"14-主流开源模型全景解析与技术报告精读/14.1-DeepSeek/05-DeepSeek-V3/images/unused_28.jpg","_sources/model-reports/deepseek/deepseek-v3/images/unused_28.jpg","3501","1fbc9f9902ff718da135dc1d73aacf996e9165f34fdbf2958cddbae02bf7711e","verified"
"14-主流开源模型全景解析与技术报告精读/14.1-DeepSeek/05-DeepSeek-V3/images/unused_29.jpg","_sources/model-reports/deepseek/deepseek-v3/images/unused_29.jpg","23199","1c4c17d80e2cdfd1a5e36d96ab44f8e9698e3785136f17d8e1fbdaa44a27efa8","verified"
"14-主流开源模型全景解析与技术报告精读/14.1-DeepSeek/05-DeepSeek-V3/images/unused_30.jpg","_sources/model-reports/deepseek/deepseek-v3/images/unused_30.jpg","29664","003513002227fcebefb1a9cd411f48724b5792fc438c70a6098216b7eed9cdda","verified"
"14-主流开源模型全景解析与技术报告精读/14.1-DeepSeek/05-DeepSeek-V3/images/unused_31.jpg","_sources/model-reports/deepseek/deepseek-v3/images/unused_31.jpg","7895","d341bc337df850ab0ca88eaaffcf5096022bb03c33161742259f7efedd81eabf","verified"
"14-主流开源模型全景解析与技术报告精读/14.1-DeepSeek/05-DeepSeek-V3/images/unused_32.jpg","_sources/model-reports/deepseek/deepseek-v3/images/unused_32.jpg","64288","c8a3ce554f3be4ec6afbbc21d355dafa77edc565818dfc89f470150f6f873446","verified"
"14-主流开源模型全景解析与技术报告精读/14.1-DeepSeek/05-DeepSeek-V3/images/unused_33.jpg","_sources/model-reports/deepseek/deepseek-v3/images/unused_33.jpg","6609","b04dd8c6f77534090192f9864b4b2f5a9aa030c3d2040c5ede8e08781b24a8fa","verified"
"14-主流开源模型全景解析与技术报告精读/14.1-DeepSeek/05-DeepSeek-V3/images/unused_34.jpg","_sources/model-reports/deepseek/deepseek-v3/images/unused_34.jpg","8361","599c03dc8e2683a760757017aff8971cd1b3638b34c2654f711a9a89c9cb875d","verified"
"14-主流开源模型全景解析与技术报告精读/14.1-DeepSeek/05-DeepSeek-V3/images/unused_35.jpg","_sources/model-reports/deepseek/deepseek-v3/images/unused_35.jpg","2811","abfb792e29f62ea7c7735b4d7e65124cb41f286ee13d8f29f69247fa6d760158","verified"
"14-主流开源模型全景解析与技术报告精读/14.1-DeepSeek/05-DeepSeek-V3/images/unused_36.jpg","_sources/model-reports/deepseek/deepseek-v3/images/unused_36.jpg","89543","da00f4a669ed461a3463f8a336f21742b26b12c9b326b271c04987a0434855af","verified"
"14-主流开源模型全景解析与技术报告精读/14.1-DeepSeek/05-DeepSeek-V3/images/unused_37.jpg","_sources/model-reports/deepseek/deepseek-v3/images/unused_37.jpg","3629","ce539475f47acebabaf290e9e2c4570350b4ac6ceb42a63151f824594e57e548","verified"
"14-主流开源模型全景解析与技术报告精读/14.1-DeepSeek/05-DeepSeek-V3/images/unused_38.jpg","_sources/model-reports/deepseek/deepseek-v3/images/unused_38.jpg","4114","b2d8a926a8701cf583d62efcfa7af0898c48c52b3f2bcf9eefba8be25a6c63b3","verified"
"14-主流开源模型全景解析与技术报告精读/14.1-DeepSeek/05-DeepSeek-V3/images/unused_39.jpg","_sources/model-reports/deepseek/deepseek-v3/images/unused_39.jpg","5219","f397f8577e329338509a74c7cb496d22efa31de6096d395044772e17eaebf8eb","verified"
"14-主流开源模型全景解析与技术报告精读/14.1-DeepSeek/05-DeepSeek-V3/images/unused_40.jpg","_sources/model-reports/deepseek/deepseek-v3/images/unused_40.jpg","5492","ec42ed6bfcc219b9e07407ca95f6364aee250ac8799e46b6a238743c7aa9f286","verified"
"14-主流开源模型全景解析与技术报告精读/14.1-DeepSeek/05-DeepSeek-V3/pdfs/DeepSeek-V3-Technical-Report.pdf","_sources/model-reports/deepseek/deepseek-v3/pdfs/DeepSeek-V3-Technical-Report.pdf","1887366","812a3fd645c80725354de9d831a6785503007a60681461407f64e97305fa9330","verified"
"14-主流开源模型全景解析与技术报告精读/14.1-DeepSeek/06-DeepSeek-R1/images/dsr1_nature.pdf","_sources/model-reports/deepseek/deepseek-r1/images/dsr1_nature.pdf","33524","42bad767efa64cf34f36c16076844073c704f1770df1a9163d48aa11ebd7133e","verified"
"14-主流开源模型全景解析与技术报告精读/14.1-DeepSeek/06-DeepSeek-R1/images/fig01_aime_accuracy.jpg","_sources/model-reports/deepseek/deepseek-r1/images/fig01_aime_accuracy.jpg","40003","56e1bb94522565095b2cefceb272da538e38a273c8c25c490980d3c65ba74d5e","verified"
"14-主流开源模型全景解析与技术报告精读/14.1-DeepSeek/06-DeepSeek-R1/images/fig01_response_length.jpg","_sources/model-reports/deepseek/deepseek-r1/images/fig01_response_length.jpg","39562","772bf0a32d6a607c2990880f22363fb2b560511fd1773a6030736f2b107d99c8","verified"
"14-主流开源模型全景解析与技术报告精读/14.1-DeepSeek/06-DeepSeek-R1/images/fig02_pipeline.jpg","_sources/model-reports/deepseek/deepseek-r1/images/fig02_pipeline.jpg","61789","ec922ecc4dedc1f47ba886650ca884a2652a5083c72dac1139ca36f264f89fee","verified"
"14-主流开源模型全景解析与技术报告精读/14.1-DeepSeek/06-DeepSeek-R1/images/fig03_ppo_grpo_demo.jpg","_sources/model-reports/deepseek/deepseek-r1/images/fig03_ppo_grpo_demo.jpg","72766","0ef4fb5e839f9177c7b8d949e0a8349a236e48cba323af67698c82b5e5f3ff2e","verified"
"14-主流开源模型全景解析与技术报告精读/14.1-DeepSeek/06-DeepSeek-R1/images/fig04_ppo_vs_grpo_math.jpg","_sources/model-reports/deepseek/deepseek-r1/images/fig04_ppo_vs_grpo_math.jpg","80947","aff9e7bcd2306b8d65edf192a1a2ed055ba57a21f14b90b82db84a847b14ac44","verified"
"14-主流开源模型全景解析与技术报告精读/14.1-DeepSeek/06-DeepSeek-R1/images/fig05_rl_framework.jpg","_sources/model-reports/deepseek/deepseek-r1/images/fig05_rl_framework.jpg","116810","31862efa559b6ea84ebe1d3adff2547cbe69bb42a2548f620b0a983ec3da5e48","verified"
"14-主流开源模型全景解析与技术报告精读/14.1-DeepSeek/06-DeepSeek-R1/images/fig06_reward_hacking.jpg","_sources/model-reports/deepseek/deepseek-r1/images/fig06_reward_hacking.jpg","148352","45227f9adf3623d25e4d06cda69a8e73fa6a151a39313d0b199e90dbcf5d5311","verified"
"14-主流开源模型全景解析与技术报告精读/14.1-DeepSeek/06-DeepSeek-R1/images/fig07_aime_accuracy_with_lc_reward.jpg","_sources/model-reports/deepseek/deepseek-r1/images/fig07_aime_accuracy_with_lc_reward.jpg","27408","baed9d0c40e8344744cabe59e0eb83b4c3e3cf10d09b849f2809977b952cca36","verified"
"14-主流开源模型全景解析与技术报告精读/14.1-DeepSeek/06-DeepSeek-R1/images/fig07_lc_reward_score.jpg","_sources/model-reports/deepseek/deepseek-r1/images/fig07_lc_reward_score.jpg","26570","db51ff1929ca9b12edb2cacbe8a3aeae274cd8a7eb662ff470cca33eba35d867","verified"
"14-主流开源模型全景解析与技术报告精读/14.1-DeepSeek/06-DeepSeek-R1/images/fig07_livecodebench_pass1.jpg","_sources/model-reports/deepseek/deepseek-r1/images/fig07_livecodebench_pass1.jpg","24554","b04c612bdbf7b9b6ceb15e3ad25308794005284f25ac7364549d7a7be42ee4d5","verified"
"14-主流开源模型全景解析与技术报告精读/14.1-DeepSeek/06-DeepSeek-R1/images/fig08_math_difficulty.jpg","_sources/model-reports/deepseek/deepseek-r1/images/fig08_math_difficulty.jpg","82426","f7f21f7c0376e37b750dc6e7c648e4ed5d1c1c48bdc597a3d7a13765cc325ab5","verified"
"14-主流开源模型全景解析与技术报告精读/14.1-DeepSeek/06-DeepSeek-R1/images/fig09_reflection_frequency.jpg","_sources/model-reports/deepseek/deepseek-r1/images/fig09_reflection_frequency.jpg","30355","3b9c905b575ba3d62597c43f27098b78d3bafdaeca58803e1bd7c661be0084ce","verified"
"14-主流开源模型全景解析与技术报告精读/14.1-DeepSeek/06-DeepSeek-R1/images/fig09_wait_occurrence.jpg","_sources/model-reports/deepseek/deepseek-r1/images/fig09_wait_occurrence.jpg","28522","1efdda1852820c4731fffffe40caa515da4a594d1e8504dd0199b209600e5d23","verified"
"14-主流开源模型全景解析与技术报告精读/14.1-DeepSeek/06-DeepSeek-R1/images/fig10_benchmark_vs_human.jpg","_sources/model-reports/deepseek/deepseek-r1/images/fig10_benchmark_vs_human.jpg","96780","4240755f5e85f518313acc01b7907c39983a51ccd0760cfd9e6a08de8faaba96","verified"
"14-主流开源模型全景解析与技术报告精读/14.1-DeepSeek/06-DeepSeek-R1/images/fig12_chatbotarena_aspects_rank.jpg","_sources/model-reports/deepseek/deepseek-r1/images/fig12_chatbotarena_aspects_rank.jpg","39208","34e31ad77e419027a2f1739fdd2b7b2b9a83cb43d6dd082bd4edccbe0902af4f","verified"
"14-主流开源模型全景解析与技术报告精读/14.1-DeepSeek/06-DeepSeek-R1/images/fig13_safety_taxonomy.jpg","_sources/model-reports/deepseek/deepseek-r1/images/fig13_safety_taxonomy.jpg","192723","13b90e1a73c1bd130309ddebf6ba2fcacb137c1eb3464401d6dc9b16fa32f91a","verified"
"14-主流开源模型全景解析与技术报告精读/14.1-DeepSeek/06-DeepSeek-R1/images/fig14_multilingual_safety.jpg","_sources/model-reports/deepseek/deepseek-r1/images/fig14_multilingual_safety.jpg","268220","5cc5b859e139610d0ed9193b42a8dccb6d5688f38e4257a812595c238e744986","verified"
"14-主流开源模型全景解析与技术报告精读/14.1-DeepSeek/06-DeepSeek-R1/images/fig15_mmlu_categories.jpg","_sources/model-reports/deepseek/deepseek-r1/images/fig15_mmlu_categories.jpg","100109","97917b2477c6ade9e38868059ab38f78201e9590ffcd3e9ff68506cd57352c17","verified"
"14-主流开源模型全景解析与技术报告精读/14.1-DeepSeek/06-DeepSeek-R1/images/fig16_mmlu_pro_categories.jpg","_sources/model-reports/deepseek/deepseek-r1/images/fig16_mmlu_pro_categories.jpg","138618","3fc2ffc39230ac2a27eeed0584fdfa4468b2d0af76b032119192861af27e1247","verified"
"14-主流开源模型全景解析与技术报告精读/14.1-DeepSeek/06-DeepSeek-R1/images/fig17_math_performance_breakdown.jpg","_sources/model-reports/deepseek/deepseek-r1/images/fig17_math_performance_breakdown.jpg","127617","d356bc3b2d76ba3df6e67d6dfb4e54abfc81addb2caa7007e6ad32b05a75b846","verified"
"14-主流开源模型全景解析与技术报告精读/14.1-DeepSeek/06-DeepSeek-R1/images/fig18_test_time_compute_scaling.jpg","_sources/model-reports/deepseek/deepseek-r1/images/fig18_test_time_compute_scaling.jpg","80866","980bfe6e801acf3c8728d0e552fad04b00cd4cbb2500ebdb29b32123b5cb232f","verified"
"14-主流开源模型全景解析与技术报告精读/14.1-DeepSeek/06-DeepSeek-R1/images/GRPO.pdf","_sources/model-reports/deepseek/deepseek-r1/images/GRPO.pdf","77011","beca3ceca4fe47c2d22135ada08d865a05fc701e61ab42c6be4646bbc661330a","verified"
"14-主流开源模型全景解析与技术报告精读/14.1-DeepSeek/06-DeepSeek-R1/images/LC_Reward.pdf","_sources/model-reports/deepseek/deepseek-r1/images/LC_Reward.pdf","24895","24b48b571b2e75ec30919f6ff0b2008007b98693c6c19c450c978ea682de41cd","verified"
"14-主流开源模型全景解析与技术报告精读/14.1-DeepSeek/06-DeepSeek-R1/images/lmsysdetail.pdf","_sources/model-reports/deepseek/deepseek-r1/images/lmsysdetail.pdf","164231","fdfe2352b5542406553b923a331106c069b67bf5a375058aa39c01b2ed0e7cc0","verified"
"14-主流开源模型全景解析与技术报告精读/14.1-DeepSeek/06-DeepSeek-R1/images/lmsysrank.pdf","_sources/model-reports/deepseek/deepseek-r1/images/lmsysrank.pdf","247293","7628a2db093963af396a7498b63c949f7b1cb385786f3a440ab29c17f36d948e","verified"
"14-主流开源模型全景解析与技术报告精读/14.1-DeepSeek/06-DeepSeek-R1/images/math_performance_breakdown_w_baseline.pdf","_sources/model-reports/deepseek/deepseek-r1/images/math_performance_breakdown_w_baseline.pdf","26973","5e8581da32a1e3b8bc839440b8c0ef2a78f4d9b0fc29e0e911155623742c0607","verified"
"14-主流开源模型全景解析与技术报告精读/14.1-DeepSeek/06-DeepSeek-R1/images/math_performance.pdf","_sources/model-reports/deepseek/deepseek-r1/images/math_performance.pdf","16341","bb5df96be99a35f12b7832312f94e872b538fb66f5980f4ea547c12ee64d3983","verified"
"14-主流开源模型全景解析与技术报告精读/14.1-DeepSeek/06-DeepSeek-R1/images/mmlu_category_comparison.pdf","_sources/model-reports/deepseek/deepseek-r1/images/mmlu_category_comparison.pdf","23721","7aa4262e2f1c6682119e17fad771178d60aa1dc46365adc5b04539e7e3358ef1","verified"
"14-主流开源模型全景解析与技术报告精读/14.1-DeepSeek/06-DeepSeek-R1/images/mmlu_pro_subject_comparison.pdf","_sources/model-reports/deepseek/deepseek-r1/images/mmlu_pro_subject_comparison.pdf","25535","658c1f476e1890226766c835308590af6ceaed71970ae9f86f97f2049ed67ac3","verified"
"14-主流开源模型全景解析与技术报告精读/14.1-DeepSeek/06-DeepSeek-R1/images/plot_aime_with_maj.pdf","_sources/model-reports/deepseek/deepseek-r1/images/plot_aime_with_maj.pdf","18675","aaf814fbefe1d374fb7831105babf90d947e609ce368738d836ba60cb26b437d","verified"
"14-主流开源模型全景解析与技术报告精读/14.1-DeepSeek/06-DeepSeek-R1/images/plot_length.pdf","_sources/model-reports/deepseek/deepseek-r1/images/plot_length.pdf","116013","fd4dbe7115349d18733b02c08372d6078a5acfca7ebd77a12b9b19700b86d40d","verified"
"14-主流开源模型全景解析与技术报告精读/14.1-DeepSeek/06-DeepSeek-R1/images/ppo_vs_grpo.pdf","_sources/model-reports/deepseek/deepseek-r1/images/ppo_vs_grpo.pdf","2332790","468017c616cb452f1e544ff7eca3c0f953b284f4d9e4461aaf0ccd51a9c28f09","verified"
"14-主流开源模型全景解析与技术报告精读/14.1-DeepSeek/06-DeepSeek-R1/images/R1Pipieline_v0603.pdf","_sources/model-reports/deepseek/deepseek-r1/images/R1Pipieline_v0603.pdf","22889","84a0d1ffa45c30b9e5d2ba5d9f75bc5f9b057c0c059c8cc84cf277d2d907a1fb","verified"
"14-主流开源模型全景解析与技术报告精读/14.1-DeepSeek/06-DeepSeek-R1/images/reward_hacking.pdf","_sources/model-reports/deepseek/deepseek-r1/images/reward_hacking.pdf","24738","574d3f757e2bdb028d3ecc1589e482715e79ae087f876edcb27d1cef237f7628","verified"
"14-主流开源模型全景解析与技术报告精读/14.1-DeepSeek/06-DeepSeek-R1/images/rl_infra.pdf","_sources/model-reports/deepseek/deepseek-r1/images/rl_infra.pdf","104804","6210bd05617f8e30e0eab14a574b4708810c027239671585c159dd23005d3143","verified"
"14-主流开源模型全景解析与技术报告精读/14.1-DeepSeek/06-DeepSeek-R1/images/safety_taxnomy.pdf","_sources/model-reports/deepseek/deepseek-r1/images/safety_taxnomy.pdf","76804","f59ab3020ddd2e9f60d64855de11642a9ef61b6669adc27d5ea2f87c1fa486ab","verified"
"14-主流开源模型全景解析与技术报告精读/14.1-DeepSeek/06-DeepSeek-R1/images/safety-multilingual-v3.pdf","_sources/model-reports/deepseek/deepseek-r1/images/safety-multilingual-v3.pdf","36985","019a5d0578c5bf165788590c3e0fdd6f6b9321f8d6aac79ef4409d342a006557","verified"
"14-主流开源模型全景解析与技术报告精读/14.1-DeepSeek/06-DeepSeek-R1/images/test_time_scaling_vs_problem_difficulty.pdf","_sources/model-reports/deepseek/deepseek-r1/images/test_time_scaling_vs_problem_difficulty.pdf","25714","3fb7dc249189f2cd15b51b6c21735d71dfe59e0a174a6b77e540b43c3890fa4a","verified"
"14-主流开源模型全景解析与技术报告精读/14.1-DeepSeek/06-DeepSeek-R1/images/unused_01.jpg","_sources/model-reports/deepseek/deepseek-r1/images/unused_01.jpg","102297","4c5cb96246b7b4de0dd15a3385560ea03ff260ceaff45490a0511c7ff1444bb8","verified"
"14-主流开源模型全景解析与技术报告精读/14.1-DeepSeek/06-DeepSeek-R1/images/unused_02.jpg","_sources/model-reports/deepseek/deepseek-r1/images/unused_02.jpg","47037","4e409eaf32c3a37d92cc32b7a3b9abdbccc0947c844edd9c92d4b107de47a1f3","verified"
"14-主流开源模型全景解析与技术报告精读/14.1-DeepSeek/06-DeepSeek-R1/images/unused_03.jpg","_sources/model-reports/deepseek/deepseek-r1/images/unused_03.jpg","273836","611bbbdbaa61dd000b9c93c874b330707dd95c786fd837bf72bb76e9e80c0d5c","verified"
"14-主流开源模型全景解析与技术报告精读/14.1-DeepSeek/06-DeepSeek-R1/images/unused_04.jpg","_sources/model-reports/deepseek/deepseek-r1/images/unused_04.jpg","30631","176461e3bf7a6fde0928436206e0dc6a8900c061da1a16a2418606b73db0ac41","verified"
"14-主流开源模型全景解析与技术报告精读/14.1-DeepSeek/06-DeepSeek-R1/images/unused_05.jpg","_sources/model-reports/deepseek/deepseek-r1/images/unused_05.jpg","143873","c8e8d776633baa9de2979cdfb53f74a90178819a26a5f7a520abdcacff777e2d","verified"
"14-主流开源模型全景解析与技术报告精读/14.1-DeepSeek/06-DeepSeek-R1/images/unused_06.jpg","_sources/model-reports/deepseek/deepseek-r1/images/unused_06.jpg","7163","cd7e5d069ba96635160ca5f73f0f76183159b90b20d907c9348356601044be8c","verified"
"14-主流开源模型全景解析与技术报告精读/14.1-DeepSeek/06-DeepSeek-R1/images/unused_07.jpg","_sources/model-reports/deepseek/deepseek-r1/images/unused_07.jpg","10013","b7ed4bbf29ad1510adec25e2646b30df68f4223ded5b88d6695818ce839e09d7","verified"
"14-主流开源模型全景解析与技术报告精读/14.1-DeepSeek/06-DeepSeek-R1/images/unused_08.jpg","_sources/model-reports/deepseek/deepseek-r1/images/unused_08.jpg","7170","8c260c3630c39209ae1bbf2fc0a69d1f51706f3985f7e868e37aa615de1380ee","verified"
"14-主流开源模型全景解析与技术报告精读/14.1-DeepSeek/06-DeepSeek-R1/images/unused_09.jpg","_sources/model-reports/deepseek/deepseek-r1/images/unused_09.jpg","173673","94d85a9adc87bc7c67a5f0f70cc630ecca26fa65c33d10ab205a7f2e2e002544","verified"
"14-主流开源模型全景解析与技术报告精读/14.1-DeepSeek/06-DeepSeek-R1/images/unused_10.jpg","_sources/model-reports/deepseek/deepseek-r1/images/unused_10.jpg","22209","b8a545b004ea5a39848284009b61a307d1d0ff8ccbb2c1727c6540a6ba18a571","verified"
"14-主流开源模型全景解析与技术报告精读/14.1-DeepSeek/06-DeepSeek-R1/images/unused_11.jpg","_sources/model-reports/deepseek/deepseek-r1/images/unused_11.jpg","235806","551c212543c581c33e6986e855e29482d0bfda1210b1a19f86fb73e2b8dbed5f","verified"
"14-主流开源模型全景解析与技术报告精读/14.1-DeepSeek/06-DeepSeek-R1/images/unused_12.jpg","_sources/model-reports/deepseek/deepseek-r1/images/unused_12.jpg","27843","f420c9905b1d5005abc6f83e28d98ec8c74afd6b041de943260bbd9d96477c35","verified"
"14-主流开源模型全景解析与技术报告精读/14.1-DeepSeek/06-DeepSeek-R1/images/unused_13.jpg","_sources/model-reports/deepseek/deepseek-r1/images/unused_13.jpg","130569","412ffe305e42bc5e3d3d6329cc1f526d90196077bb1f4b0c868c72dc98a56d3f","verified"
"14-主流开源模型全景解析与技术报告精读/14.1-DeepSeek/06-DeepSeek-R1/images/unused_14.jpg","_sources/model-reports/deepseek/deepseek-r1/images/unused_14.jpg","58360","d514741192eb0db4eaeb0037359a4c57e5094f242cb714ba84bdf97d67bdc531","verified"
"14-主流开源模型全景解析与技术报告精读/14.1-DeepSeek/06-DeepSeek-R1/images/unused_15.jpg","_sources/model-reports/deepseek/deepseek-r1/images/unused_15.jpg","5341","f1b1b0f53b19650c2b05d3cfbbc0bae45cee7665fac4afa1b0f6a4ed82e14952","verified"
"14-主流开源模型全景解析与技术报告精读/14.1-DeepSeek/06-DeepSeek-R1/images/unused_16.jpg","_sources/model-reports/deepseek/deepseek-r1/images/unused_16.jpg","86615","61b1e58040eee5dfdb99519ed2398dd9f8c04011f3e80e454606a37ee9615cc5","verified"
"14-主流开源模型全景解析与技术报告精读/14.1-DeepSeek/06-DeepSeek-R1/images/unused_17.jpg","_sources/model-reports/deepseek/deepseek-r1/images/unused_17.jpg","7360","816f6634c0776cf2d9f3e7119d0974a7c0c2635ac58b86098374a8da78549e8d","verified"
"14-主流开源模型全景解析与技术报告精读/14.1-DeepSeek/06-DeepSeek-R1/images/unused_18.jpg","_sources/model-reports/deepseek/deepseek-r1/images/unused_18.jpg","277956","1b22d0133aae551ff89574434278c49a6f5930c2a78d958365db98ecab2cd53d","verified"
"14-主流开源模型全景解析与技术报告精读/14.1-DeepSeek/06-DeepSeek-R1/images/unused_19.jpg","_sources/model-reports/deepseek/deepseek-r1/images/unused_19.jpg","7614","e2f41fe16b60cfd798c802eb55ee5909f1b70f1ec000501acf03220690c3d9ff","verified"
"14-主流开源模型全景解析与技术报告精读/14.1-DeepSeek/06-DeepSeek-R1/images/unused_20.jpg","_sources/model-reports/deepseek/deepseek-r1/images/unused_20.jpg","86465","501ac25210520c865cf26cbef32af8a077eb3ecd35f6b4bc7eb307436a6bc631","verified"
"14-主流开源模型全景解析与技术报告精读/14.1-DeepSeek/06-DeepSeek-R1/images/unused_21.jpg","_sources/model-reports/deepseek/deepseek-r1/images/unused_21.jpg","162461","352343955156b7f6334117589d07558c3bc8cd6735521f3aeade17749c5f49d9","verified"
"14-主流开源模型全景解析与技术报告精读/14.1-DeepSeek/06-DeepSeek-R1/images/unused_22.jpg","_sources/model-reports/deepseek/deepseek-r1/images/unused_22.jpg","80800","b5ed5c674a756c7eaf9a0ef0348f0f74b5d578ffe2658e4874359dfe962f6d3e","verified"
"14-主流开源模型全景解析与技术报告精读/14.1-DeepSeek/06-DeepSeek-R1/images/unused_23.jpg","_sources/model-reports/deepseek/deepseek-r1/images/unused_23.jpg","39289","3bc9568895ba6a824ac77c66c7c08d11ac1fda65c1d31dc2585a496243ec0a75","verified"
"14-主流开源模型全景解析与技术报告精读/14.1-DeepSeek/06-DeepSeek-R1/images/unused_24.jpg","_sources/model-reports/deepseek/deepseek-r1/images/unused_24.jpg","115222","453608f652560bf95af1b59fa700bdcd6ee258198297f3384cdfc6b1a5be69dd","verified"
"14-主流开源模型全景解析与技术报告精读/14.1-DeepSeek/06-DeepSeek-R1/images/unused_25.jpg","_sources/model-reports/deepseek/deepseek-r1/images/unused_25.jpg","5084","b616db3ca6fa6781966d4bb204ed563c27a77a0f57b4a6b0ebc3659c448a17cf","verified"
"14-主流开源模型全景解析与技术报告精读/14.1-DeepSeek/06-DeepSeek-R1/images/unused_26.jpg","_sources/model-reports/deepseek/deepseek-r1/images/unused_26.jpg","7597","1d9f48e78ec92b080d35569bb62ac290dd558e0bfcb29b1424ae64b31b027bfb","verified"
"14-主流开源模型全景解析与技术报告精读/14.1-DeepSeek/06-DeepSeek-R1/images/unused_27.jpg","_sources/model-reports/deepseek/deepseek-r1/images/unused_27.jpg","5869","b049a8a9980d67b225a2366fda369d2ab8beef7bd239f33a63c7d0fac2edb1b9","verified"
"14-主流开源模型全景解析与技术报告精读/14.1-DeepSeek/06-DeepSeek-R1/images/unused_28.jpg","_sources/model-reports/deepseek/deepseek-r1/images/unused_28.jpg","32645","20910dec7f15abaab10ff7cf87c5f718edfb62a1e789862e7f440d3718e713aa","verified"
"14-主流开源模型全景解析与技术报告精读/14.1-DeepSeek/06-DeepSeek-R1/images/unused_29.jpg","_sources/model-reports/deepseek/deepseek-r1/images/unused_29.jpg","47296","8ed2147e9eb410cd5bc0ce7a9c4996f7337bd0445cdcf3cb56c028d02be52d89","verified"
"14-主流开源模型全景解析与技术报告精读/14.1-DeepSeek/06-DeepSeek-R1/images/unused_30.jpg","_sources/model-reports/deepseek/deepseek-r1/images/unused_30.jpg","9801","d8fd20a54da6593019469f74ee823e45cfe204c1ba5c3b355f14140b3e64d82c","verified"
"14-主流开源模型全景解析与技术报告精读/14.1-DeepSeek/06-DeepSeek-R1/images/unused_31.jpg","_sources/model-reports/deepseek/deepseek-r1/images/unused_31.jpg","66399","0fe8cd1384ca6744ffdde35eebe8971a5327227037c0b56be9d1056b940e08ea","verified"
"14-主流开源模型全景解析与技术报告精读/14.1-DeepSeek/06-DeepSeek-R1/images/unused_32.jpg","_sources/model-reports/deepseek/deepseek-r1/images/unused_32.jpg","3966","85729808cff5464393eaf952e3050bc2252077c2eb3b7871d262c36b12993791","verified"
"14-主流开源模型全景解析与技术报告精读/14.1-DeepSeek/06-DeepSeek-R1/images/unused_33.jpg","_sources/model-reports/deepseek/deepseek-r1/images/unused_33.jpg","75799","579fcd77fd1bd5da65b357328763e6eb881f1bc004e633cf1e3d110aa2cb6c75","verified"
"14-主流开源模型全景解析与技术报告精读/14.1-DeepSeek/06-DeepSeek-R1/images/unused_34.jpg","_sources/model-reports/deepseek/deepseek-r1/images/unused_34.jpg","84536","c8484aeecf47a933e9d3c6c69ee1e934d4af5f571ac1e5e1ff1fff8196adb2e3","verified"
"14-主流开源模型全景解析与技术报告精读/14.1-DeepSeek/06-DeepSeek-R1/images/unused_35.jpg","_sources/model-reports/deepseek/deepseek-r1/images/unused_35.jpg","8522","829d8a45d03bf31a82e46557ad8d56a2649ea711bd967b8d21756a8207792a24","verified"
"14-主流开源模型全景解析与技术报告精读/14.1-DeepSeek/06-DeepSeek-R1/images/unused_36.jpg","_sources/model-reports/deepseek/deepseek-r1/images/unused_36.jpg","22259","730ed9ff171147bf5a2fd9995264b2fd545ab1c70373dc1e2925a07fa15b7116","verified"
"14-主流开源模型全景解析与技术报告精读/14.1-DeepSeek/06-DeepSeek-R1/images/wait_count_1.pdf","_sources/model-reports/deepseek/deepseek-r1/images/wait_count_1.pdf","13331","4906730de6677b1b7c99a22f0dba93da3ac620e57f5c52a3517ef50ae8b53bd6","verified"
"14-主流开源模型全景解析与技术报告精读/14.1-DeepSeek/06-DeepSeek-R1/images/wait_count_2.pdf","_sources/model-reports/deepseek/deepseek-r1/images/wait_count_2.pdf","13079","ccfa2e6c29016618f038b0bb003004f858a4e71e00f0256e67485e2804bc0e0f","verified"
"14-主流开源模型全景解析与技术报告精读/14.1-DeepSeek/06-DeepSeek-R1/pdfs/DeepSeek-R1-Technical-Report_mineru.zip","_sources/model-reports/deepseek/deepseek-r1/pdfs/DeepSeek-R1-Technical-Report_mineru.zip","4257181","331b35ade3f532825644e9ed421bb1c0fbe8898ea2688b1f708825573572d005","verified"
"14-主流开源模型全景解析与技术报告精读/14.1-DeepSeek/06-DeepSeek-R1/pdfs/DeepSeek-R1-Technical-Report.pdf","_sources/model-reports/deepseek/deepseek-r1/pdfs/DeepSeek-R1-Technical-Report.pdf","5034998","b191b0a365a64b4ab2791d117069ed17a2933d03554a662ced58b37df52018f4","verified"
"14-主流开源模型全景解析与技术报告精读/14.1-DeepSeek/07-DeepSeek-V3.1/pdfs/DeepSeek-V3.1.html","_sources/model-reports/deepseek/deepseek-v3-1/pdfs/DeepSeek-V3.1.html","24757","c3546fbb5c672e65de670547766965409c7b38ca756a4b989525fe1a16fe6898","verified"
"14-主流开源模型全景解析与技术报告精读/14.1-DeepSeek/08-DeepSeek-V3.2/images/04959780293e9de7723b4556b27e9f6298541bfa80b0733597843a57ff0924e0.jpg","_sources/model-reports/deepseek/deepseek-v3-2/images/04959780293e9de7723b4556b27e9f6298541bfa80b0733597843a57ff0924e0.jpg","7401","910fd082d4f5e3d3a700fc1135ac33dc9e42e2a63698494b7b5aa3d1107cc119","verified"
"14-主流开源模型全景解析与技术报告精读/14.1-DeepSeek/08-DeepSeek-V3.2/images/0d122042f27aef3dada5a5efc6990f4b9c36365657fb0efebce46eb8377c5782.jpg","_sources/model-reports/deepseek/deepseek-v3-2/images/0d122042f27aef3dada5a5efc6990f4b9c36365657fb0efebce46eb8377c5782.jpg","155138","d84177581096f50937a88fdc795ce7f138f6e920efca9dcf558cdd831c647d0e","verified"
"14-主流开源模型全景解析与技术报告精读/14.1-DeepSeek/08-DeepSeek-V3.2/images/101b6f827ef24cf3e9a47aa6b1810ab10d6d0225326b41bdad50f1db260abab7.jpg","_sources/model-reports/deepseek/deepseek-v3-2/images/101b6f827ef24cf3e9a47aa6b1810ab10d6d0225326b41bdad50f1db260abab7.jpg","177192","5f49b7cacfbcacfaecdae0d3684475b2e96c45bf5a4ccca757b672f605c219ca","verified"
"14-主流开源模型全景解析与技术报告精读/14.1-DeepSeek/08-DeepSeek-V3.2/images/137a9ddf9cd212e6d42d7d757a4f329ef05ea0fe45dac756b0415bbc61e09584.jpg","_sources/model-reports/deepseek/deepseek-v3-2/images/137a9ddf9cd212e6d42d7d757a4f329ef05ea0fe45dac756b0415bbc61e09584.jpg","11385","58cd239634776bc5871e7579d796fa559ee1d3ea0bf13851984dac987ab36b33","verified"
"14-主流开源模型全景解析与技术报告精读/14.1-DeepSeek/08-DeepSeek-V3.2/images/21b03de57c75a2856c9d6ad2f8d92e70a84fe6413b6eb03e278c2658700ca703.jpg","_sources/model-reports/deepseek/deepseek-v3-2/images/21b03de57c75a2856c9d6ad2f8d92e70a84fe6413b6eb03e278c2658700ca703.jpg","22408","db5a22c476480dc69654020f995c82c568e0d9af90dc094d1f14d697bad16ffa","verified"
"14-主流开源模型全景解析与技术报告精读/14.1-DeepSeek/08-DeepSeek-V3.2/images/22313d22b7453452f9f9cec1c76adfc6c48dc652f2db87212ab051828a5db92f.jpg","_sources/model-reports/deepseek/deepseek-v3-2/images/22313d22b7453452f9f9cec1c76adfc6c48dc652f2db87212ab051828a5db92f.jpg","19819","524af0cb82410f1df9183d919872ea75b508e9161f6508b32891c13676013594","verified"
"14-主流开源模型全景解析与技术报告精读/14.1-DeepSeek/08-DeepSeek-V3.2/images/23e778dfb57df5aa8268a33d63916ec42d578cdb4328ed471aaec15c416eb20e.jpg","_sources/model-reports/deepseek/deepseek-v3-2/images/23e778dfb57df5aa8268a33d63916ec42d578cdb4328ed471aaec15c416eb20e.jpg","27248","45cf98e84ee611ad1ca341533b5e66cda353cf1a2207022ccf9469d1186b8051","verified"
"14-主流开源模型全景解析与技术报告精读/14.1-DeepSeek/08-DeepSeek-V3.2/images/2b45e599873c27315af5871f51f25fbe40035eb4a280db1b431b3000ac0cf4f6.jpg","_sources/model-reports/deepseek/deepseek-v3-2/images/2b45e599873c27315af5871f51f25fbe40035eb4a280db1b431b3000ac0cf4f6.jpg","7016","f2e8e2170660a538b35533b0428f98912b44c300692b9a36f560f1ce41f220b7","verified"
"14-主流开源模型全景解析与技术报告精读/14.1-DeepSeek/08-DeepSeek-V3.2/images/2e56b31a6a104056d1b9b4e831e55383355d2a6a8eedbcc0b7f0d044a031b4e8.jpg","_sources/model-reports/deepseek/deepseek-v3-2/images/2e56b31a6a104056d1b9b4e831e55383355d2a6a8eedbcc0b7f0d044a031b4e8.jpg","77078","54dd7f5ae13acb6ca24e59e66b00ce80137e56edbfa72f32513129a9181c9fe3","verified"
"14-主流开源模型全景解析与技术报告精读/14.1-DeepSeek/08-DeepSeek-V3.2/images/320abac912cc54302d1760f76bf6b21adeb46438ce335b1ee7ca5e2aaab8fc7e.jpg","_sources/model-reports/deepseek/deepseek-v3-2/images/320abac912cc54302d1760f76bf6b21adeb46438ce335b1ee7ca5e2aaab8fc7e.jpg","39655","e602159f84c3e6c538ca3c3905e98d974809577c2579cc3d796dd23a90f6bbdd","verified"
"14-主流开源模型全景解析与技术报告精读/14.1-DeepSeek/08-DeepSeek-V3.2/images/36d318e78375f60f9a4870f851518534bed2a07eba44fbf72d57bd171fcc8419.jpg","_sources/model-reports/deepseek/deepseek-v3-2/images/36d318e78375f60f9a4870f851518534bed2a07eba44fbf72d57bd171fcc8419.jpg","100374","0236b30662e640373b5d01053d0d63f9694bb181e635bb0d1125e5b84c974e89","verified"
"14-主流开源模型全景解析与技术报告精读/14.1-DeepSeek/08-DeepSeek-V3.2/images/37a0bd335bd06435208810402f6aa9f04d7d07343261e3d54fffe2aa475b8853.jpg","_sources/model-reports/deepseek/deepseek-v3-2/images/37a0bd335bd06435208810402f6aa9f04d7d07343261e3d54fffe2aa475b8853.jpg","107619","ff66eb0e68c99a53e64f043da080e6706408108d96c9ceb571325b8e2912314f","verified"
"14-主流开源模型全景解析与技术报告精读/14.1-DeepSeek/08-DeepSeek-V3.2/images/3e34794ff66af4f829af7bc884e7d3d66c3b50c0998ef1288bf40b28c8f76ac9.jpg","_sources/model-reports/deepseek/deepseek-v3-2/images/3e34794ff66af4f829af7bc884e7d3d66c3b50c0998ef1288bf40b28c8f76ac9.jpg","19629","fd23fc1c7611f2ab9e47d332c5a20b6ec1d06dd0320773520bfe1d9454ffb8aa","verified"
"14-主流开源模型全景解析与技术报告精读/14.1-DeepSeek/08-DeepSeek-V3.2/images/430da6016bed0d9b833800ebaef2578df58a416f1f20b9c5a017062b11fb7554.jpg","_sources/model-reports/deepseek/deepseek-v3-2/images/430da6016bed0d9b833800ebaef2578df58a416f1f20b9c5a017062b11fb7554.jpg","107103","89644e9cbd89130bdf6772aa1ac8d8f7d951deeaea47a96cc30155cff90d08e6","verified"
"14-主流开源模型全景解析与技术报告精读/14.1-DeepSeek/08-DeepSeek-V3.2/images/513c3494fab7f76655857d25c6261e716f487a5470387712790c0a8839134934.jpg","_sources/model-reports/deepseek/deepseek-v3-2/images/513c3494fab7f76655857d25c6261e716f487a5470387712790c0a8839134934.jpg","19887","9ca93bb5c4afcac59b81d88765e341474297bf78d9ef9c865f146e6670eb5a4d","verified"
"14-主流开源模型全景解析与技术报告精读/14.1-DeepSeek/08-DeepSeek-V3.2/images/575bcb9d0a0336b241bd48b5c74d8302bc3c2d5a80b676d5a2d357e336fefa0b.jpg","_sources/model-reports/deepseek/deepseek-v3-2/images/575bcb9d0a0336b241bd48b5c74d8302bc3c2d5a80b676d5a2d357e336fefa0b.jpg","20987","4d71b75ba6f7ea87935c99a5b6fb84e44368cf38576bca484e4bb904bc585ec0","verified"
"14-主流开源模型全景解析与技术报告精读/14.1-DeepSeek/08-DeepSeek-V3.2/images/5a9e28ddceafbbddee0c36f6ec89366c115410db96a136864e8c0535968bc9fe.jpg","_sources/model-reports/deepseek/deepseek-v3-2/images/5a9e28ddceafbbddee0c36f6ec89366c115410db96a136864e8c0535968bc9fe.jpg","48269","26f12b0878472cc145d31313be287e6a209e3c0a73112f5b1767710749b53668","verified"
"14-主流开源模型全景解析与技术报告精读/14.1-DeepSeek/08-DeepSeek-V3.2/images/5ae39eb924710ab5790e7c767d320f7f52f0f54fe4e60d115e1892fed152c23a.jpg","_sources/model-reports/deepseek/deepseek-v3-2/images/5ae39eb924710ab5790e7c767d320f7f52f0f54fe4e60d115e1892fed152c23a.jpg","21185","978e26392daa5edbf1c8371d2a76d12757ab7dcf1cd5562a22dd8e1da6388e15","verified"
"14-主流开源模型全景解析与技术报告精读/14.1-DeepSeek/08-DeepSeek-V3.2/images/5b053c0cd37e34379b782ce52027313aa8374d0df48cfc990d1ebb2b1186daa1.jpg","_sources/model-reports/deepseek/deepseek-v3-2/images/5b053c0cd37e34379b782ce52027313aa8374d0df48cfc990d1ebb2b1186daa1.jpg","9531","078320abca6a8bf28eb0db8bc502e8a9c29c762c926f88e1f3f5abf25d8342fe","verified"
"14-主流开源模型全景解析与技术报告精读/14.1-DeepSeek/08-DeepSeek-V3.2/images/62d77cdc71fd48dabb20b6e1a72230212229615134569ed4b20028ff0596d716.jpg","_sources/model-reports/deepseek/deepseek-v3-2/images/62d77cdc71fd48dabb20b6e1a72230212229615134569ed4b20028ff0596d716.jpg","19744","3c88d1e6b168d8ddcf7ec3483240212a0d7d1d87365e5b42b8b4f79232324207","verified"
"14-主流开源模型全景解析与技术报告精读/14.1-DeepSeek/08-DeepSeek-V3.2/images/6f1b1002668add417f1f1ed91a8104496864cf4238f1d7836b2780307f246c6c.jpg","_sources/model-reports/deepseek/deepseek-v3-2/images/6f1b1002668add417f1f1ed91a8104496864cf4238f1d7836b2780307f246c6c.jpg","31333","f5f388252924363e449f3f79377fa8dbc3c3d6157201f011fcb88e00631672e8","verified"
"14-主流开源模型全景解析与技术报告精读/14.1-DeepSeek/08-DeepSeek-V3.2/images/745b2613331448a2383b94e559bcff823efb52d57dc2d4ea253c9372ac0a25fe.jpg","_sources/model-reports/deepseek/deepseek-v3-2/images/745b2613331448a2383b94e559bcff823efb52d57dc2d4ea253c9372ac0a25fe.jpg","53418","a1894b4561b8debae49da16597748532c1ba0191b926e1cd73da34c72bccf891","verified"
"14-主流开源模型全景解析与技术报告精读/14.1-DeepSeek/08-DeepSeek-V3.2/images/7683967a0bd2ae208393355b860e086970dbb4b114fcbef1de3b57c526eb779d.jpg","_sources/model-reports/deepseek/deepseek-v3-2/images/7683967a0bd2ae208393355b860e086970dbb4b114fcbef1de3b57c526eb779d.jpg","9043","9116424f92f0aa59735f9ab5c979daa5c7ffa27e3cbd7a61f27b46242373f532","verified"
"14-主流开源模型全景解析与技术报告精读/14.1-DeepSeek/08-DeepSeek-V3.2/images/7713a0f898fbcdc97c842d2104c2868b2caa7a8c26b8b3d63d5eb202c8c2c634.jpg","_sources/model-reports/deepseek/deepseek-v3-2/images/7713a0f898fbcdc97c842d2104c2868b2caa7a8c26b8b3d63d5eb202c8c2c634.jpg","123332","d1e6dddf1c8f1ed2d78b9617c6981348f081200d7534976f7af9b54de9c223b3","verified"
"14-主流开源模型全景解析与技术报告精读/14.1-DeepSeek/08-DeepSeek-V3.2/images/7986c3c05fedab14f7781dfa99cd61cd931b12d728702202dd43c4fe2374ccab.jpg","_sources/model-reports/deepseek/deepseek-v3-2/images/7986c3c05fedab14f7781dfa99cd61cd931b12d728702202dd43c4fe2374ccab.jpg","17785","347241afb74334d8421ea3fd0b4ea05d525dd83f9d82a0fcda563958543595c5","verified"
"14-主流开源模型全景解析与技术报告精读/14.1-DeepSeek/08-DeepSeek-V3.2/images/85d00f06711ed1b88ec4a86b886d403920f09e49fcbeac1e58f29d1f59927e02.jpg","_sources/model-reports/deepseek/deepseek-v3-2/images/85d00f06711ed1b88ec4a86b886d403920f09e49fcbeac1e58f29d1f59927e02.jpg","41308","3d6b757e434a1733d712e1aa7fc2ed834d1f6064650564d3c0ef58ceb0cb4b6b","verified"
"14-主流开源模型全景解析与技术报告精读/14.1-DeepSeek/08-DeepSeek-V3.2/images/87d32c26600fa5e8e16c9b80fa1e26dcbfa4d57dc0f29fb8ca73804c0f25a98f.jpg","_sources/model-reports/deepseek/deepseek-v3-2/images/87d32c26600fa5e8e16c9b80fa1e26dcbfa4d57dc0f29fb8ca73804c0f25a98f.jpg","34506","fbf3cf53e259bff01161542509a51125103d3506a9004fd356c3a076dda57893","verified"
"14-主流开源模型全景解析与技术报告精读/14.1-DeepSeek/08-DeepSeek-V3.2/images/8c647d73bc6f0bb7ce2b63f761fb0c580aff4cef33ad7482302c7cb5789dee62.jpg","_sources/model-reports/deepseek/deepseek-v3-2/images/8c647d73bc6f0bb7ce2b63f761fb0c580aff4cef33ad7482302c7cb5789dee62.jpg","7173","315cd35f072ad2e49dcfde92874a40c5195c7aadde3e63767051037475c6d029","verified"
"14-主流开源模型全景解析与技术报告精读/14.1-DeepSeek/08-DeepSeek-V3.2/images/8cb79d89450d95838c5d8bd96a5ed97fb08b7422bded451e39b65ca44f1acfa7.jpg","_sources/model-reports/deepseek/deepseek-v3-2/images/8cb79d89450d95838c5d8bd96a5ed97fb08b7422bded451e39b65ca44f1acfa7.jpg","19378","b9c7a24c6c9a69ee176372051b7769a9503d2b9fc37ac0ecda9916d8f4c8d681","verified"
"14-主流开源模型全景解析与技术报告精读/14.1-DeepSeek/08-DeepSeek-V3.2/images/9592bf1dcc727b2f8c588271b82f1b9f6f4fb87d25829399a6d2d5c4401469c8.jpg","_sources/model-reports/deepseek/deepseek-v3-2/images/9592bf1dcc727b2f8c588271b82f1b9f6f4fb87d25829399a6d2d5c4401469c8.jpg","6439","f9199ed779c4059b0dfedd633f784f1eb437a4b45750f1af0950694da483631e","verified"
"14-主流开源模型全景解析与技术报告精读/14.1-DeepSeek/08-DeepSeek-V3.2/images/ac1a3183f66087234b5d175e051d3babc6a418b88a09ec6e4a734326bac59f87.jpg","_sources/model-reports/deepseek/deepseek-v3-2/images/ac1a3183f66087234b5d175e051d3babc6a418b88a09ec6e4a734326bac59f87.jpg","19068","d3197b48f9a237c50e1ffed179b6e03ba075da7ae2adb1e1dc447af2b0f11985","verified"
"14-主流开源模型全景解析与技术报告精读/14.1-DeepSeek/08-DeepSeek-V3.2/images/ac29f276d3df05574a2229dcf3dc3677aa64c50f5300b966940f9a8af2f67bd9.jpg","_sources/model-reports/deepseek/deepseek-v3-2/images/ac29f276d3df05574a2229dcf3dc3677aa64c50f5300b966940f9a8af2f67bd9.jpg","156408","4d97967e9c0e736753694a620f33e14dbe905801c409ee5929d9102f3401b731","verified"
"14-主流开源模型全景解析与技术报告精读/14.1-DeepSeek/08-DeepSeek-V3.2/images/ae50d1d36ca6e68c5247d7d2457511c1d8d7459f13fdd11064aefc2808b0a8fd.jpg","_sources/model-reports/deepseek/deepseek-v3-2/images/ae50d1d36ca6e68c5247d7d2457511c1d8d7459f13fdd11064aefc2808b0a8fd.jpg","21746","cc6b11ae0364f7c59f9180cd4405fe97b98b95d513a925fbb36a504f91f70405","verified"
"14-主流开源模型全景解析与技术报告精读/14.1-DeepSeek/08-DeepSeek-V3.2/images/bd114053ae0f5b52f3d92fea9132379447848d9683fbee1535affe577e1e6671.jpg","_sources/model-reports/deepseek/deepseek-v3-2/images/bd114053ae0f5b52f3d92fea9132379447848d9683fbee1535affe577e1e6671.jpg","13168","1781941114ff35894a73631d014b788c7655f4575f55903a9ec75ff70b53fe15","verified"
"14-主流开源模型全景解析与技术报告精读/14.1-DeepSeek/08-DeepSeek-V3.2/images/c4d4adcfa5cee7ddd0b369f0aa6612d79e09ed941cde2c9b43dd610789a874f3.jpg","_sources/model-reports/deepseek/deepseek-v3-2/images/c4d4adcfa5cee7ddd0b369f0aa6612d79e09ed941cde2c9b43dd610789a874f3.jpg","111977","f99d067d3ebd147dcd4a2eef19232402bdf179caf81986f04dbc92d749c61cb8","verified"
"14-主流开源模型全景解析与技术报告精读/14.1-DeepSeek/08-DeepSeek-V3.2/images/d2de4598b5f17111662388b6f0504514dc66da780ae36642c213b1b38464703e.jpg","_sources/model-reports/deepseek/deepseek-v3-2/images/d2de4598b5f17111662388b6f0504514dc66da780ae36642c213b1b38464703e.jpg","6611","9f3d9a3dd54ef464b6d42351abb17c19ba4f9b661a20f2a2a34258f2211a1463","verified"
"14-主流开源模型全景解析与技术报告精读/14.1-DeepSeek/08-DeepSeek-V3.2/images/dc972eb05bcfe6fad9df1f9d17dda13c7f800eb47d51b3f77ec8c9bf1c491939.jpg","_sources/model-reports/deepseek/deepseek-v3-2/images/dc972eb05bcfe6fad9df1f9d17dda13c7f800eb47d51b3f77ec8c9bf1c491939.jpg","11794","cf4e9a78556074f92fc57924fe5f6b40fdeac1246b5474d5d329d8ea593b801b","verified"
"14-主流开源模型全景解析与技术报告精读/14.1-DeepSeek/08-DeepSeek-V3.2/images/e8f2212e5b2cbc84c9d5e1a81767864c2cb887750e27593ce7389946d3421309.jpg","_sources/model-reports/deepseek/deepseek-v3-2/images/e8f2212e5b2cbc84c9d5e1a81767864c2cb887750e27593ce7389946d3421309.jpg","27348","7c4e53a15416ae411017b29cb3c798442e8f986829957cf4b6144b14b2efadcd","verified"
"14-主流开源模型全景解析与技术报告精读/14.1-DeepSeek/08-DeepSeek-V3.2/images/f18295c453a6a87966e61803b5b5f458a01e242637c6048cc1d244a33fcc9501.jpg","_sources/model-reports/deepseek/deepseek-v3-2/images/f18295c453a6a87966e61803b5b5f458a01e242637c6048cc1d244a33fcc9501.jpg","65704","7db35362b65fd1781e0d4fd6c9849b0a3385687587332c2f18afeaaa8b14a94b","verified"
"14-主流开源模型全景解析与技术报告精读/14.1-DeepSeek/08-DeepSeek-V3.2/images/fd67a1d3f347d615c8bd3b0850cd282895d320799ad78de15860429661f588e3.jpg","_sources/model-reports/deepseek/deepseek-v3-2/images/fd67a1d3f347d615c8bd3b0850cd282895d320799ad78de15860429661f588e3.jpg","41447","a6d260e6486dc1012a395c6c3fd9a3a4b280f9cf0f7449b54b7bfb226f39d38f","verified"
"14-主流开源模型全景解析与技术报告精读/14.1-DeepSeek/08-DeepSeek-V3.2/images/fig01_capabilities_overview.jpg","_sources/model-reports/deepseek/deepseek-v3-2/images/fig01_capabilities_overview.jpg","106285","c9783efcec8ee9ecddaa4915c387c5687242f5608681512d311fdcba6c816ee1","verified"
"14-主流开源模型全景解析与技术报告精读/14.1-DeepSeek/08-DeepSeek-V3.2/images/fig02_dsa_architecture.jpg","_sources/model-reports/deepseek/deepseek-v3-2/images/fig02_dsa_architecture.jpg","102573","8dfc28eec1a548964e43c607ed998183e8be4748d62b3e1b572fe179847f0e56","verified"
"14-主流开源模型全景解析与技术报告精读/14.1-DeepSeek/08-DeepSeek-V3.2/images/fig03a_prefilling_cost.jpg","_sources/model-reports/deepseek/deepseek-v3-2/images/fig03a_prefilling_cost.jpg","27248","45cf98e84ee611ad1ca341533b5e66cda353cf1a2207022ccf9469d1186b8051","verified"
"14-主流开源模型全景解析与技术报告精读/14.1-DeepSeek/08-DeepSeek-V3.2/images/fig03b_decoding_cost.jpg","_sources/model-reports/deepseek/deepseek-v3-2/images/fig03b_decoding_cost.jpg","26368","1222df7175180219e285f421d25e9d2e05179e76036e6418d7f4e47dc7ecfd08","verified"
"14-主流开源模型全景解析与技术报告精读/14.1-DeepSeek/08-DeepSeek-V3.2/images/fig04_thinking_retention.jpg","_sources/model-reports/deepseek/deepseek-v3-2/images/fig04_thinking_retention.jpg","66926","812fc727e7cbbd350b44bbe53e91193f95ec8d078694f11c460c84bd4d820c92","verified"
"14-主流开源模型全景解析与技术报告精读/14.1-DeepSeek/08-DeepSeek-V3.2/images/fig05_rl_synthetic_agent.jpg","_sources/model-reports/deepseek/deepseek-v3-2/images/fig05_rl_synthetic_agent.jpg","176548","3e483d40c1bc22ab61411c2a7d907348e004bf6052d50d80a61f465c27c0b410","verified"
"14-主流开源模型全景解析与技术报告精读/14.1-DeepSeek/08-DeepSeek-V3.2/images/fig06_browsecomp_accuracy.jpg","_sources/model-reports/deepseek/deepseek-v3-2/images/fig06_browsecomp_accuracy.jpg","51852","c0dfaef09f4c884aa859ec66dce17709370e252b671d8dfa65040cc6b1994116","verified"
"14-主流开源模型全景解析与技术报告精读/14.1-DeepSeek/08-DeepSeek-V3.2/images/fig07_mha_mqa_modes.jpg","_sources/model-reports/deepseek/deepseek-v3-2/images/fig07_mha_mqa_modes.jpg","95397","04e6a287a96c114b75cdcb967e013d1f9c7413797aec490249965e64a92651b8","verified"
"14-主流开源模型全景解析与技术报告精读/14.1-DeepSeek/08-DeepSeek-V3.2/images/unused_01.jpg","_sources/model-reports/deepseek/deepseek-v3-2/images/unused_01.jpg","5782","db13edff8661e03c694d4b5772e53e7f888726f1760df87115f14403cf6080ba","verified"
"14-主流开源模型全景解析与技术报告精读/14.1-DeepSeek/08-DeepSeek-V3.2/images/unused_02.jpg","_sources/model-reports/deepseek/deepseek-v3-2/images/unused_02.jpg","39584","a1f76e4867a8caa92f8b02359a668e3ccec5050bcda50e37c4306f1eefb469be","verified"
"14-主流开源模型全景解析与技术报告精读/14.1-DeepSeek/08-DeepSeek-V3.2/images/unused_03.jpg","_sources/model-reports/deepseek/deepseek-v3-2/images/unused_03.jpg","150827","bf4185893ecd50d30cd1c6f05f71acb929521cb94c2c3e64d7a3f8d97e6d1ccc","verified"
"14-主流开源模型全景解析与技术报告精读/14.1-DeepSeek/08-DeepSeek-V3.2/images/unused_04.jpg","_sources/model-reports/deepseek/deepseek-v3-2/images/unused_04.jpg","74259","c15e49868a90d1bdc78d6b90594a017fa7466cbeee2c8d7afb53e78858815a8a","verified"
"14-主流开源模型全景解析与技术报告精读/14.1-DeepSeek/08-DeepSeek-V3.2/images/unused_05.jpg","_sources/model-reports/deepseek/deepseek-v3-2/images/unused_05.jpg","37965","664aac48a39864107f7f58c202ebe26433ef1ade24cf6d1a51087455aafafe25","verified"
"14-主流开源模型全景解析与技术报告精读/14.1-DeepSeek/08-DeepSeek-V3.2/images/unused_06.jpg","_sources/model-reports/deepseek/deepseek-v3-2/images/unused_06.jpg","114496","6d4318b5cbde3af7b22ddcb8b7ea1f04d7ebbddf8f51ea99ec04dabee127ada2","verified"
"14-主流开源模型全景解析与技术报告精读/14.1-DeepSeek/08-DeepSeek-V3.2/images/unused_07.jpg","_sources/model-reports/deepseek/deepseek-v3-2/images/unused_07.jpg","6220","1cd75aac7f40a0ebf67379d45567f520ac8f8fac56db4a3c16623dee3827ac90","verified"
"14-主流开源模型全景解析与技术报告精读/14.1-DeepSeek/08-DeepSeek-V3.2/images/unused_08.jpg","_sources/model-reports/deepseek/deepseek-v3-2/images/unused_08.jpg","104748","13a56e305837b7d13476708de0ae321abbcd2c8d89a1ab2e00935b9ecd3fc120","verified"
"14-主流开源模型全景解析与技术报告精读/14.1-DeepSeek/08-DeepSeek-V3.2/images/unused_09.jpg","_sources/model-reports/deepseek/deepseek-v3-2/images/unused_09.jpg","21574","70cdc09a30495580a7e31866198a1419f30ba003d096e276c3dbe420cc344fa5","verified"
"14-主流开源模型全景解析与技术报告精读/14.1-DeepSeek/08-DeepSeek-V3.2/images/unused_10.jpg","_sources/model-reports/deepseek/deepseek-v3-2/images/unused_10.jpg","32007","a40860a27e4c7b06a8ba3e5c2abb21a53c71d9f2361393ab4ed30383ca671ece","verified"
"14-主流开源模型全景解析与技术报告精读/14.1-DeepSeek/08-DeepSeek-V3.2/images/unused_11.jpg","_sources/model-reports/deepseek/deepseek-v3-2/images/unused_11.jpg","121230","fe031709664b59ebad3ebaaf3d6ee7a0b398fd044fd8c0d4cbc413e27e1cb79c","verified"
"14-主流开源模型全景解析与技术报告精读/14.1-DeepSeek/08-DeepSeek-V3.2/images/unused_12.jpg","_sources/model-reports/deepseek/deepseek-v3-2/images/unused_12.jpg","19772","d376c4eda941be71e29c0e608baecdef048d7b14357c4ae01f6b88312afae1f2","verified"
"14-主流开源模型全景解析与技术报告精读/14.1-DeepSeek/08-DeepSeek-V3.2/images/unused_13.jpg","_sources/model-reports/deepseek/deepseek-v3-2/images/unused_13.jpg","159844","94cf0d7349716fad1de61a87a16b63f1b3aff0112a4ce2b1718e7d9b7b1e4241","verified"
"14-主流开源模型全景解析与技术报告精读/14.1-DeepSeek/08-DeepSeek-V3.2/images/unused_14.jpg","_sources/model-reports/deepseek/deepseek-v3-2/images/unused_14.jpg","6238","00dc1d2882b4385ac62e2c355736b4c1ce5163cd0c36853dea8bf2218a21abff","verified"
"14-主流开源模型全景解析与技术报告精读/14.1-DeepSeek/08-DeepSeek-V3.2/images/unused_15.jpg","_sources/model-reports/deepseek/deepseek-v3-2/images/unused_15.jpg","19290","af1e759533d49b1bd9de092ce574fd148ba95bef11d73e9d12f3bca53c4ec062","verified"
"14-主流开源模型全景解析与技术报告精读/14.1-DeepSeek/08-DeepSeek-V3.2/images/unused_16.jpg","_sources/model-reports/deepseek/deepseek-v3-2/images/unused_16.jpg","5709","3e3f0ec7d89ea7e20192738de1dafacca28e30490603e59568e09c1494e32175","verified"
"14-主流开源模型全景解析与技术报告精读/14.1-DeepSeek/08-DeepSeek-V3.2/images/unused_17.jpg","_sources/model-reports/deepseek/deepseek-v3-2/images/unused_17.jpg","5553","9c502f4cbef882c57676448d03404ebc5a25ed457bcc0f8de9d7ce96e091746e","verified"
"14-主流开源模型全景解析与技术报告精读/14.1-DeepSeek/08-DeepSeek-V3.2/images/unused_18.jpg","_sources/model-reports/deepseek/deepseek-v3-2/images/unused_18.jpg","26317","9b9cfeec70049abf7d414ba1a6dbc48eb7089865f0f052f0fc38c3c4a774b759","verified"
"14-主流开源模型全景解析与技术报告精读/14.1-DeepSeek/08-DeepSeek-V3.2/images/unused_19.jpg","_sources/model-reports/deepseek/deepseek-v3-2/images/unused_19.jpg","20744","b9140568ecd8a658748751653c9edb17b1d28caf1e5982466525a08200bee4bb","verified"
"14-主流开源模型全景解析与技术报告精读/14.1-DeepSeek/08-DeepSeek-V3.2/images/unused_20.jpg","_sources/model-reports/deepseek/deepseek-v3-2/images/unused_20.jpg","10742","fab59ee9618a6a4d34038d6910e95e85cdbcdfda101b8fc317431a8f49d30b8c","verified"
"14-主流开源模型全景解析与技术报告精读/14.1-DeepSeek/08-DeepSeek-V3.2/pdfs/deepseek-v3.2.pdf","_sources/model-reports/deepseek/deepseek-v3-2/pdfs/deepseek-v3.2.pdf","980616","2bec0671778769c159ec389412727d1f3d4889fe1c71564b61edaa24705bd17b","verified"
"14-主流开源模型全景解析与技术报告精读/14.1-DeepSeek/09-DeepSeek-V3.2-Terminus/pdfs/DeepSeek-V3.2-Terminus.html","_sources/model-reports/deepseek/deepseek-v3-1-terminus/pdfs/DeepSeek-V3.2-Terminus.html","20783","3c5d29bf2ee478ea7e77e6afa60c8378e9da8ed137ba799777cb0062364d29bb","verified"
"14-主流开源模型全景解析与技术报告精读/14.1-DeepSeek/10-DeepSeek-V4/assets/figure_01.png","_sources/model-reports/deepseek/deepseek-v4/assets/figure_01.png","128599","96847f908c3e18e2af54db8641aa5c3623d0d9fccd47af9a847f7cb1ce0e6b7a","verified"
"14-主流开源模型全景解析与技术报告精读/14.1-DeepSeek/10-DeepSeek-V4/assets/figure_02.png","_sources/model-reports/deepseek/deepseek-v4/assets/figure_02.png","86769","cba0230321e37d3e93826696ed52516b8a60f41159c85c348744a3c810bfa45e","verified"
"14-主流开源模型全景解析与技术报告精读/14.1-DeepSeek/10-DeepSeek-V4/assets/figure_03.png","_sources/model-reports/deepseek/deepseek-v4/assets/figure_03.png","72966","3d6dec73a67a0da3170601e43ea364ce51467002372717ca2d47fa6360df8c69","verified"
"14-主流开源模型全景解析与技术报告精读/14.1-DeepSeek/10-DeepSeek-V4/assets/figure_04.png","_sources/model-reports/deepseek/deepseek-v4/assets/figure_04.png","41609","09bbaae9c83a895ed1c347e12435f823d49ef3f908b3a490e098d568ee843cde","verified"
"14-主流开源模型全景解析与技术报告精读/14.1-DeepSeek/10-DeepSeek-V4/assets/figure_05.png","_sources/model-reports/deepseek/deepseek-v4/assets/figure_05.png","259379","5d95c83843799b38c8054d40630558360073250d3f072f8eb017df7a61522d77","verified"
"14-主流开源模型全景解析与技术报告精读/14.1-DeepSeek/10-DeepSeek-V4/assets/figure_06.png","_sources/model-reports/deepseek/deepseek-v4/assets/figure_06.png","80345","f6b2e33c564fbe9b2b81a42bcc0b6d48c994bcdafa5b1f7efe0631793d10bcfb","verified"
"14-主流开源模型全景解析与技术报告精读/14.1-DeepSeek/10-DeepSeek-V4/assets/figure_07.png","_sources/model-reports/deepseek/deepseek-v4/assets/figure_07.png","166036","08698edf5d9c16f4c859945ec3bd53c58339598d87bc62e8b0e3dd91e54dd3f4","verified"
"14-主流开源模型全景解析与技术报告精读/14.1-DeepSeek/10-DeepSeek-V4/assets/figure_08.png","_sources/model-reports/deepseek/deepseek-v4/assets/figure_08.png","54470","262f04fef6eb542dc666eb8095c2614bc80d3fec99b4043b3fc3ac743e7b180d","verified"
"14-主流开源模型全景解析与技术报告精读/14.1-DeepSeek/10-DeepSeek-V4/assets/figure_09.png","_sources/model-reports/deepseek/deepseek-v4/assets/figure_09.png","64899","e73dad84926bb18621c55d6bdcaff1b2e9b4c12f373be8823c0398a821b9c1c0","verified"
"14-主流开源模型全景解析与技术报告精读/14.1-DeepSeek/10-DeepSeek-V4/assets/figure_10.png","_sources/model-reports/deepseek/deepseek-v4/assets/figure_10.png","86720","b525d3c5b9b49fdf7fe5001fee71bcbba14522f178a7483473f9cbb11492f0ab","verified"
"14-主流开源模型全景解析与技术报告精读/14.1-DeepSeek/10-DeepSeek-V4/assets/figure_11_12.png","_sources/model-reports/deepseek/deepseek-v4/assets/figure_11_12.png","99963","46a34deac966aacb47431ec84768d2cecdca1d901d06a1bf10b81dd8d6d847c0","verified"
"14-主流开源模型全景解析与技术报告精读/14.1-DeepSeek/10-DeepSeek-V4/assets/figure_13.png","_sources/model-reports/deepseek/deepseek-v4/assets/figure_13.png","315831","da714cbbf4e8bc2e837ef4cd8a6648da02e95559503099a793b16b105c8304fc","verified"
"14-主流开源模型全景解析与技术报告精读/14.1-DeepSeek/10-DeepSeek-V4/assets/figure_14.png","_sources/model-reports/deepseek/deepseek-v4/assets/figure_14.png","226229","faf98586b4291fc971ad474eecb57cd7a828c574f606dea404b3c09ae38a82b0","verified"
"14-主流开源模型全景解析与技术报告精读/14.1-DeepSeek/10-DeepSeek-V4/assets/figure_15.png","_sources/model-reports/deepseek/deepseek-v4/assets/figure_15.png","373743","4b80ecd2b1d6e261ceee6c51889009d7f214a642ade1b20f333745762b42211d","verified"
"14-主流开源模型全景解析与技术报告精读/14.1-DeepSeek/10-DeepSeek-V4/images/fig01a_benchmark_performance.jpg","_sources/model-reports/deepseek/deepseek-v4/images/fig01a_benchmark_performance.jpg","66868","9278e5a80f2e183dd8996a6ce70c85dec620c4454ae698208122f4c3f696480e","verified"
"14-主流开源模型全景解析与技术报告精读/14.1-DeepSeek/10-DeepSeek-V4/images/fig01b_inference_flops.jpg","_sources/model-reports/deepseek/deepseek-v4/images/fig01b_inference_flops.jpg","22933","951a9ef648f24bacd276ea6e8315435f85405a5d9eddea5a7a6462727321a1b1","verified"
"14-主流开源模型全景解析与技术报告精读/14.1-DeepSeek/10-DeepSeek-V4/images/fig01c_kv_cache_size.jpg","_sources/model-reports/deepseek/deepseek-v4/images/fig01c_kv_cache_size.jpg","22933","047f23ca3c85c9b1108aa2934986f9337b1620cf3c78a2c3e157e6284549f7c8","verified"
"14-主流开源模型全景解析与技术报告精读/14.1-DeepSeek/10-DeepSeek-V4/images/fig02_overall_architecture.jpg","_sources/model-reports/deepseek/deepseek-v4/images/fig02_overall_architecture.jpg","68357","c572d178c9b79adeaad7a58724ebc80b15251f8c4e0111207fcee965230c28d7","verified"
"14-主流开源模型全景解析与技术报告精读/14.1-DeepSeek/10-DeepSeek-V4/images/fig03_csa_architecture.jpg","_sources/model-reports/deepseek/deepseek-v4/images/fig03_csa_architecture.jpg","73567","1d633fcbe7306bc713c89f0e9bc6766457dd63b5f27b880f86b749e2e0460ce2","verified"
"14-主流开源模型全景解析与技术报告精读/14.1-DeepSeek/10-DeepSeek-V4/images/fig04_hca_architecture.jpg","_sources/model-reports/deepseek/deepseek-v4/images/fig04_hca_architecture.jpg","35819","9c0ba038b221a801c53933d7c4788af8f729f9b35813fc33174675fe44ae7472","verified"
"14-主流开源模型全景解析与技术报告精读/14.1-DeepSeek/10-DeepSeek-V4/images/fig05_ep_scheme.jpg","_sources/model-reports/deepseek/deepseek-v4/images/fig05_ep_scheme.jpg","72388","93455c15723382ed8eee87e3b9acc3c019d096e8bef9563218e180bfb934fdba","verified"
"14-主流开源模型全景解析与技术报告精读/14.1-DeepSeek/10-DeepSeek-V4/images/fig06_kv_cache_layout.jpg","_sources/model-reports/deepseek/deepseek-v4/images/fig06_kv_cache_layout.jpg","62903","0355328d46ebe1775130d8dfc8875ae00b6694499fdf98a2ec63a6d1608655ff","verified"
"14-主流开源模型全景解析与技术报告精读/14.1-DeepSeek/10-DeepSeek-V4/images/fig07a_toolcall_schema.jpg","_sources/model-reports/deepseek/deepseek-v4/images/fig07a_toolcall_schema.jpg","149632","3d9e1cc97b40a48f398febb9be3a435b867361ed5360261c40ab11ccafb10a85","verified"
"14-主流开源模型全景解析与技术报告精读/14.1-DeepSeek/10-DeepSeek-V4/images/fig07b_thinking_with_tools.jpg","_sources/model-reports/deepseek/deepseek-v4/images/fig07b_thinking_with_tools.jpg","35276","d69ac89a31b5a10e4a1e2e017bf539d150706f40bb63e64d1916f9c610918810","verified"
"14-主流开源模型全景解析与技术报告精读/14.1-DeepSeek/10-DeepSeek-V4/images/fig07c_thinking_without_tools.jpg","_sources/model-reports/deepseek/deepseek-v4/images/fig07c_thinking_without_tools.jpg","28072","5b4c4492409bed8d8d1eb4072015ec7d789e20bfec72b45b8f8a831838321cc0","verified"
"14-主流开源模型全景解析与技术报告精读/14.1-DeepSeek/10-DeepSeek-V4/images/fig08_formal_reasoning.jpg","_sources/model-reports/deepseek/deepseek-v4/images/fig08_formal_reasoning.jpg","48447","1c6fa85adbd5c70e2bdba45374728491ba54307d6d672ae0bd7812b95ea9154f","verified"
"14-主流开源模型全景解析与技术报告精读/14.1-DeepSeek/10-DeepSeek-V4/images/fig09_mrcr_task.jpg","_sources/model-reports/deepseek/deepseek-v4/images/fig09_mrcr_task.jpg","46278","d14178f087c75016ac2763d69ca280e1e52adda5a39fc694565c74aff1033173","verified"
"14-主流开源模型全景解析与技术报告精读/14.1-DeepSeek/10-DeepSeek-V4/images/fig10a_hle_terminalbench.jpg","_sources/model-reports/deepseek/deepseek-v4/images/fig10a_hle_terminalbench.jpg","30121","665a9b29a4eb607bcb7336dec7ce545836f95faeb361b9b20061c60bb3556dad","verified"
"14-主流开源模型全景解析与技术报告精读/14.1-DeepSeek/10-DeepSeek-V4/images/fig10b_hle_terminalbench_b.jpg","_sources/model-reports/deepseek/deepseek-v4/images/fig10b_hle_terminalbench_b.jpg","28965","ca506782faf856fae8141d0ebed869581bfb523e809fee346686a1d48589a419","verified"
"14-主流开源模型全景解析与技术报告精读/14.1-DeepSeek/10-DeepSeek-V4/images/fig11_winrate_comparison.jpg","_sources/model-reports/deepseek/deepseek-v4/images/fig11_winrate_comparison.jpg","25188","c1496ea62d8374643b52d7f95bfd073866c8251b40323d7508af6d57d4032ab9","verified"
"14-主流开源模型全景解析与技术报告精读/14.1-DeepSeek/10-DeepSeek-V4/images/fig12_dimension_scores.jpg","_sources/model-reports/deepseek/deepseek-v4/images/fig12_dimension_scores.jpg","26996","67ff339e0fb6f8e25336ee4d7098a8f196a5ffe8284226f59ccd1b8f69bb058b","verified"
"14-主流开源模型全景解析与技术报告精读/14.1-DeepSeek/10-DeepSeek-V4/images/fig13_example_marketing_proposal.jpg","_sources/model-reports/deepseek/deepseek-v4/images/fig13_example_marketing_proposal.jpg","99019","cd9468d0fbffc4855f70245db776749ec1d6dee4647476aa9905ac4fe0169ebf","verified"
"14-主流开源模型全景解析与技术报告精读/14.1-DeepSeek/10-DeepSeek-V4/images/fig14_example_nasdaq_investment.jpg","_sources/model-reports/deepseek/deepseek-v4/images/fig14_example_nasdaq_investment.jpg","60271","5ab899ed7f50f7e7552a39bb8f98a0f66e768a10a5a2386880cf359641f43d3b","verified"
"14-主流开源模型全景解析与技术报告精读/14.1-DeepSeek/10-DeepSeek-V4/images/fig15a_example_nobel_report.jpg","_sources/model-reports/deepseek/deepseek-v4/images/fig15a_example_nobel_report.jpg","22770","64781097b717659dcd8b68101a6f3a0e37b493f540986576ec373d1d99715a0b","verified"
"14-主流开源模型全景解析与技术报告精读/14.1-DeepSeek/10-DeepSeek-V4/images/fig15b_example_nobel_report.jpg","_sources/model-reports/deepseek/deepseek-v4/images/fig15b_example_nobel_report.jpg","18849","b07b8d98733e550508fd7e4fc40949451418c7d25bc10db861e188826c386e6f","verified"
"14-主流开源模型全景解析与技术报告精读/14.1-DeepSeek/10-DeepSeek-V4/images/fig15c_example_nobel_report.jpg","_sources/model-reports/deepseek/deepseek-v4/images/fig15c_example_nobel_report.jpg","28399","1982feb78aac6527a8ecd94bcf0ee3945cdea49bb284f6978e80c5a06e65ca6d","verified"
"14-主流开源模型全景解析与技术报告精读/14.1-DeepSeek/10-DeepSeek-V4/images/fig15d_example_nobel_report.jpg","_sources/model-reports/deepseek/deepseek-v4/images/fig15d_example_nobel_report.jpg","24920","e7cc1503371453872ccbfbc3a8818c8a06fae8d4facfef37b6976bff432a83d7","verified"
"14-主流开源模型全景解析与技术报告精读/14.1-DeepSeek/10-DeepSeek-V4/images/unused_01.jpg","_sources/model-reports/deepseek/deepseek-v4/images/unused_01.jpg","4983","633dbf464530a7c62e413de523a9dac36d3ba883fdca621fa1f9ab88fdfe7926","verified"
"14-主流开源模型全景解析与技术报告精读/14.1-DeepSeek/10-DeepSeek-V4/images/unused_02.jpg","_sources/model-reports/deepseek/deepseek-v4/images/unused_02.jpg","48367","d35beaa62de49caf092e8268ba40047cdfc08a10e45d3d7bcb2a334e4a241431","verified"
"14-主流开源模型全景解析与技术报告精读/14.1-DeepSeek/10-DeepSeek-V4/images/unused_03.jpg","_sources/model-reports/deepseek/deepseek-v4/images/unused_03.jpg","5113","3731165f6e4c33c8dffb669a221266d453b2d10c71ea35784c6a448f27ac7b16","verified"
"14-主流开源模型全景解析与技术报告精读/14.1-DeepSeek/10-DeepSeek-V4/images/unused_04.jpg","_sources/model-reports/deepseek/deepseek-v4/images/unused_04.jpg","4069","2f1a967fd061914be13be20a360908de0d5474d96b837b4657d4b6f91c903e7b","verified"
"14-主流开源模型全景解析与技术报告精读/14.1-DeepSeek/10-DeepSeek-V4/images/unused_05.jpg","_sources/model-reports/deepseek/deepseek-v4/images/unused_05.jpg","6263","1dcbb744a8f3e8d148f0991d76fc88c46e09a5666e9dceb7e23be8ba1732a2de","verified"
"14-主流开源模型全景解析与技术报告精读/14.1-DeepSeek/10-DeepSeek-V4/images/unused_06.jpg","_sources/model-reports/deepseek/deepseek-v4/images/unused_06.jpg","82983","08d7c263d297c8ba59e6cae3fc9fc0d6d2b1c407cbb64c3607378b30c49cb6f9","verified"
"14-主流开源模型全景解析与技术报告精读/14.1-DeepSeek/10-DeepSeek-V4/images/unused_07.jpg","_sources/model-reports/deepseek/deepseek-v4/images/unused_07.jpg","8293","1f274b13940f73b0ab80bb241c4f450360f5c386f191be0b404db8e4cdf76d37","verified"
"14-主流开源模型全景解析与技术报告精读/14.1-DeepSeek/10-DeepSeek-V4/images/unused_08.jpg","_sources/model-reports/deepseek/deepseek-v4/images/unused_08.jpg","138611","52fba246731112b4f0a45b2f77657c521aeb28bc3ece09a358da08ae5fc55a02","verified"
"14-主流开源模型全景解析与技术报告精读/14.1-DeepSeek/10-DeepSeek-V4/images/unused_09.jpg","_sources/model-reports/deepseek/deepseek-v4/images/unused_09.jpg","6160","8b1181d779022801f20024fe83dfd0fb45827ab96b7c9ea078f1e96bfa8cf237","verified"
"14-主流开源模型全景解析与技术报告精读/14.1-DeepSeek/10-DeepSeek-V4/images/unused_10.jpg","_sources/model-reports/deepseek/deepseek-v4/images/unused_10.jpg","3516","241d3c1e77d59082b1d62ac6a7fdec68eea060baf6042bf9199a2e477b3463c3","verified"
"14-主流开源模型全景解析与技术报告精读/14.1-DeepSeek/10-DeepSeek-V4/images/unused_11.jpg","_sources/model-reports/deepseek/deepseek-v4/images/unused_11.jpg","8388","faab10df47747331895d078e0252181ac55c8f90b0a5e3200a4146ca2439099e","verified"
"14-主流开源模型全景解析与技术报告精读/14.1-DeepSeek/10-DeepSeek-V4/images/unused_12.jpg","_sources/model-reports/deepseek/deepseek-v4/images/unused_12.jpg","117122","51e0deb1b47f3336da5f75f10e6245714083cab90e0d5c8ff7f6ad69083de1a4","verified"
"14-主流开源模型全景解析与技术报告精读/14.1-DeepSeek/10-DeepSeek-V4/images/unused_13.jpg","_sources/model-reports/deepseek/deepseek-v4/images/unused_13.jpg","63270","84118a802ad54cdce4b885772d92e651cbc873b85f48027b4d5bc151c18994cc","verified"
"14-主流开源模型全景解析与技术报告精读/14.1-DeepSeek/10-DeepSeek-V4/images/unused_14.jpg","_sources/model-reports/deepseek/deepseek-v4/images/unused_14.jpg","5304","61efc688053757e679c948c40deed47564547a5a86f3b80ca3fbb7ff09eea132","verified"
"14-主流开源模型全景解析与技术报告精读/14.1-DeepSeek/10-DeepSeek-V4/images/unused_15.jpg","_sources/model-reports/deepseek/deepseek-v4/images/unused_15.jpg","5557","3a042d3ad5f2a3d7dfb91e66189f2eb5ebd958a06690ef1334c9532b8df6ac34","verified"
"14-主流开源模型全景解析与技术报告精读/14.1-DeepSeek/10-DeepSeek-V4/images/unused_16.jpg","_sources/model-reports/deepseek/deepseek-v4/images/unused_16.jpg","3804","4342e2387ce9fc0dc600833c7df13b97986894543967e37552908b5f7a3fbac2","verified"
"14-主流开源模型全景解析与技术报告精读/14.1-DeepSeek/10-DeepSeek-V4/images/unused_17.jpg","_sources/model-reports/deepseek/deepseek-v4/images/unused_17.jpg","2015","1d6515cbac5829962ce85198a7681a8f2c7497a9c3c8fb61e3540b66112c4aa5","verified"
"14-主流开源模型全景解析与技术报告精读/14.1-DeepSeek/10-DeepSeek-V4/images/unused_18.jpg","_sources/model-reports/deepseek/deepseek-v4/images/unused_18.jpg","7382","b5eda672c8ded60039fb1755edded61e92ab0b37355874b2abaf3624476e4ebd","verified"
"14-主流开源模型全景解析与技术报告精读/14.1-DeepSeek/10-DeepSeek-V4/images/unused_19.jpg","_sources/model-reports/deepseek/deepseek-v4/images/unused_19.jpg","204440","053ce609b09b492d98307c57a521c0a172979842a1bc409d697eb3bb20b63427","verified"
"14-主流开源模型全景解析与技术报告精读/14.1-DeepSeek/10-DeepSeek-V4/images/unused_20.jpg","_sources/model-reports/deepseek/deepseek-v4/images/unused_20.jpg","2325","541235083afc920b1342d68e4493f0e90244bdc4e122af0dafc309e4c0d86081","verified"
"14-主流开源模型全景解析与技术报告精读/14.1-DeepSeek/10-DeepSeek-V4/images/unused_21.jpg","_sources/model-reports/deepseek/deepseek-v4/images/unused_21.jpg","6712","61d20e5d6b65dde4ad684fe90cb0ed1b730c75fd4c89d92229f3316db5cc33de","verified"
"14-主流开源模型全景解析与技术报告精读/14.1-DeepSeek/10-DeepSeek-V4/images/unused_22.jpg","_sources/model-reports/deepseek/deepseek-v4/images/unused_22.jpg","2139","57d73893f0ea014f991edbf33f152d0887513b83b3d58e4a7604c75aaaef34fd","verified"
"14-主流开源模型全景解析与技术报告精读/14.1-DeepSeek/10-DeepSeek-V4/images/unused_23.jpg","_sources/model-reports/deepseek/deepseek-v4/images/unused_23.jpg","3890","1c8f239ccaacbfd7bd3107f1f2f553639bddbf6cf0df961b580f3f173e81b4f2","verified"
"14-主流开源模型全景解析与技术报告精读/14.1-DeepSeek/10-DeepSeek-V4/images/unused_24.jpg","_sources/model-reports/deepseek/deepseek-v4/images/unused_24.jpg","109015","682f69063f00f2b2b6686418b35b290924f5201d96ff23746b3d636d278e9f8c","verified"
"14-主流开源模型全景解析与技术报告精读/14.1-DeepSeek/10-DeepSeek-V4/images/unused_25.jpg","_sources/model-reports/deepseek/deepseek-v4/images/unused_25.jpg","22860","fb341bd83fdda528d6fe0883ddd8f0ac18962e49f6b943247ea635e0c6e02609","verified"
"14-主流开源模型全景解析与技术报告精读/14.1-DeepSeek/10-DeepSeek-V4/images/unused_26.jpg","_sources/model-reports/deepseek/deepseek-v4/images/unused_26.jpg","4604","7005b118493daa729c9341c171e3e9d908dbe4cbd8aa9103af20ca33a567bca9","verified"
"14-主流开源模型全景解析与技术报告精读/14.1-DeepSeek/10-DeepSeek-V4/images/unused_27.jpg","_sources/model-reports/deepseek/deepseek-v4/images/unused_27.jpg","6896","15d0fac0a8cfd42eaef2a79494317a77aa21434cf7a7f6fb97a134f1bcf90694","verified"
"14-主流开源模型全景解析与技术报告精读/14.1-DeepSeek/10-DeepSeek-V4/images/unused_28.jpg","_sources/model-reports/deepseek/deepseek-v4/images/unused_28.jpg","192649","e276ca7f9e9bc1e90b5138416d3f463ba68aa4420b3ffe9346324fe0a1f73c65","verified"
"14-主流开源模型全景解析与技术报告精读/14.1-DeepSeek/10-DeepSeek-V4/images/unused_29.jpg","_sources/model-reports/deepseek/deepseek-v4/images/unused_29.jpg","4962","f52e2eaaa637210d2077e4870a7a7528658412bc8c5d2c48f247ff5a9914f083","verified"
"14-主流开源模型全景解析与技术报告精读/14.1-DeepSeek/10-DeepSeek-V4/images/unused_30.jpg","_sources/model-reports/deepseek/deepseek-v4/images/unused_30.jpg","21826","094186b54781a463c9405daabd471db5c4243ac825f5f24a026a4ee8e2dd40e7","verified"
"14-主流开源模型全景解析与技术报告精读/14.1-DeepSeek/10-DeepSeek-V4/images/unused_31.jpg","_sources/model-reports/deepseek/deepseek-v4/images/unused_31.jpg","5905","44a2831c44760419fd087c8d37f6f6578c7a36ef125e932c0e92c4d4c6d1681d","verified"
"14-主流开源模型全景解析与技术报告精读/14.1-DeepSeek/10-DeepSeek-V4/images/unused_32.jpg","_sources/model-reports/deepseek/deepseek-v4/images/unused_32.jpg","10176","644a1119ce4eb8231c1f057e7815bb737b266ce231f90d7b8fa57ee65744019b","verified"
"14-主流开源模型全景解析与技术报告精读/14.1-DeepSeek/10-DeepSeek-V4/images/unused_33.jpg","_sources/model-reports/deepseek/deepseek-v4/images/unused_33.jpg","2429","28d34b006d6b94ae243abc6d5bf3a8fa0d4e168cb1c86caa31202b1d0a2681ab","verified"
"14-主流开源模型全景解析与技术报告精读/14.1-DeepSeek/10-DeepSeek-V4/images/unused_34.jpg","_sources/model-reports/deepseek/deepseek-v4/images/unused_34.jpg","3508","b8f91499b911f5423d750cbd798653a797b65d8999e6f2eda6221311c2633c47","verified"
"14-主流开源模型全景解析与技术报告精读/14.1-DeepSeek/10-DeepSeek-V4/images/unused_35.jpg","_sources/model-reports/deepseek/deepseek-v4/images/unused_35.jpg","177094","a3fabd324f08e180b14663d9a5f818077ba6abdd2e89d123a3c4891a08b94cf2","verified"
"14-主流开源模型全景解析与技术报告精读/14.1-DeepSeek/10-DeepSeek-V4/images/unused_36.jpg","_sources/model-reports/deepseek/deepseek-v4/images/unused_36.jpg","2031","1d175a438d6cb23ae38f060ef81ba0096d8d8cd7a315c4bf782a966ab055d3c2","verified"
"14-主流开源模型全景解析与技术报告精读/14.1-DeepSeek/10-DeepSeek-V4/images/unused_37.jpg","_sources/model-reports/deepseek/deepseek-v4/images/unused_37.jpg","383651","57f457da053e918dc629ba43d97ec40a347ea3010424dcf5d19a113fd975172d","verified"
"14-主流开源模型全景解析与技术报告精读/14.1-DeepSeek/10-DeepSeek-V4/images/unused_38.jpg","_sources/model-reports/deepseek/deepseek-v4/images/unused_38.jpg","4698","0d6e7b709468de5b79bdb510ac57e0c5028580c7a104656b5c750eff87c4d832","verified"
"14-主流开源模型全景解析与技术报告精读/14.1-DeepSeek/10-DeepSeek-V4/images/unused_39.jpg","_sources/model-reports/deepseek/deepseek-v4/images/unused_39.jpg","4762","5abe31c9e85ab9809a3926d2b438d0c3f80a781fe9ccf820ab28317d581ab00f","verified"
"14-主流开源模型全景解析与技术报告精读/14.1-DeepSeek/10-DeepSeek-V4/images/unused_40.jpg","_sources/model-reports/deepseek/deepseek-v4/images/unused_40.jpg","10854","8c8f262a1f0936e3483dddbe008a71f18d4217dd06c8fd5c4d41639a7d4a29cc","verified"
"14-主流开源模型全景解析与技术报告精读/14.1-DeepSeek/10-DeepSeek-V4/images/unused_41.jpg","_sources/model-reports/deepseek/deepseek-v4/images/unused_41.jpg","157583","c2f4ba76efb45480ca7e91e2b96527511756047f1683df15d17b960da0993628","verified"
"14-主流开源模型全景解析与技术报告精读/14.1-DeepSeek/10-DeepSeek-V4/images/unused_42.jpg","_sources/model-reports/deepseek/deepseek-v4/images/unused_42.jpg","7301","da37173e427053798841c8c254537e01d35ac81f19979312e14ff05d1fdd9923","verified"
"14-主流开源模型全景解析与技术报告精读/14.1-DeepSeek/10-DeepSeek-V4/images/unused_43.jpg","_sources/model-reports/deepseek/deepseek-v4/images/unused_43.jpg","2124","f236c18efbae0e5de19b38f24cb33faa48e86ef8c5e31d12c19a3243fa4858c0","verified"
"14-主流开源模型全景解析与技术报告精读/14.1-DeepSeek/10-DeepSeek-V4/pdfs/deepseek-v4.pdf","_sources/model-reports/deepseek/deepseek-v4/pdfs/deepseek-v4.pdf","4480407","8a03dadae71894de1515da33e296f0df1dbeed3e7f4bf0badd087f9af77f29e9","verified"
